date,date_totalizacao,cand,votos,porcentagem_votos,secoes_totalizadas,porcentagem_secoes_totalizadas,eleitores,porcentagem_eleitores
2022-10-02 18:35:25,2022-10-02 18:32:45,Ciro,15508,2.49,2818,5.64,857009,5.26
2022-10-02 18:35:25,2022-10-02 18:32:45,Lula,285422,45.79,2818,5.64,857009,5.26
2022-10-02 18:35:25,2022-10-02 18:32:45,Outros,343,0.06,2818,5.64,857009,5.26
2022-10-02 18:35:25,2022-10-02 18:32:45,Tebet,27237,4.37,2818,5.64,857009,5.26
2022-10-02 18:35:25,2022-10-02 18:32:45,Outros,111,0.02,2818,5.64,857009,5.26
2022-10-02 18:35:25,2022-10-02 18:32:45,Outros,191,0.03,2818,5.64,857009,5.26
2022-10-02 18:35:25,2022-10-02 18:32:45,Bolsonaro,286718,46.0,2818,5.64,857009,5.26
2022-10-02 18:35:25,2022-10-02 18:32:45,Outros,88,0.01,2818,5.64,857009,5.26
2022-10-02 18:35:25,2022-10-02 18:32:45,Outros,5426,0.87,2818,5.64,857009,5.26
2022-10-02 18:35:25,2022-10-02 18:32:45,Outros,2056,0.33,2818,5.64,857009,5.26
2022-10-02 18:35:25,2022-10-02 18:32:45,Outros,227,0.04,2818,5.64,857009,5.26
2022-10-02 18:37:25,2022-10-02 18:35:06,Outros,265,0.04,3332,6.67,1010572,6.21
2022-10-02 18:37:25,2022-10-02 18:35:06,Outros,2423,0.33,3332,6.67,1010572,6.21
2022-10-02 18:37:25,2022-10-02 18:35:06,Outros,6325,0.86,3332,6.67,1010572,6.21
2022-10-02 18:37:25,2022-10-02 18:35:06,Outros,101,0.01,3332,6.67,1010572,6.21
2022-10-02 18:37:25,2022-10-02 18:35:06,Bolsonaro,338062,45.96,3332,6.67,1010572,6.21
2022-10-02 18:37:25,2022-10-02 18:35:06,Outros,406,0.06,3332,6.67,1010572,6.21
2022-10-02 18:37:25,2022-10-02 18:35:06,Outros,123,0.02,3332,6.67,1010572,6.21
2022-10-02 18:37:25,2022-10-02 18:35:06,Tebet,31976,4.35,3332,6.67,1010572,6.21
2022-10-02 18:37:25,2022-10-02 18:35:06,Lula,337301,45.86,3332,6.67,1010572,6.21
2022-10-02 18:37:25,2022-10-02 18:35:06,Ciro,18293,2.49,3332,6.67,1010572,6.21
2022-10-02 18:37:25,2022-10-02 18:35:06,Outros,225,0.03,3332,6.67,1010572,6.21
2022-10-02 18:39:25,2022-10-02 18:37:17,Bolsonaro,372576,46.08,3671,7.34,1110657,6.82
2022-10-02 18:39:25,2022-10-02 18:37:17,Outros,282,0.03,3671,7.34,1110657,6.82
2022-10-02 18:39:25,2022-10-02 18:37:17,Outros,2675,0.33,3671,7.34,1110657,6.82
2022-10-02 18:39:25,2022-10-02 18:37:17,Outros,6902,0.85,3671,7.34,1110657,6.82
2022-10-02 18:39:25,2022-10-02 18:37:17,Outros,253,0.03,3671,7.34,1110657,6.82
2022-10-02 18:39:25,2022-10-02 18:37:17,Outros,108,0.01,3671,7.34,1110657,6.82
2022-10-02 18:39:25,2022-10-02 18:37:17,Tebet,35031,4.33,3671,7.34,1110657,6.82
2022-10-02 18:39:25,2022-10-02 18:37:17,Outros,134,0.02,3671,7.34,1110657,6.82
2022-10-02 18:39:25,2022-10-02 18:37:17,Outros,456,0.06,3671,7.34,1110657,6.82
2022-10-02 18:39:25,2022-10-02 18:37:17,Lula,370097,45.77,3671,7.34,1110657,6.82
2022-10-02 18:39:25,2022-10-02 18:37:17,Ciro,20105,2.49,3671,7.34,1110657,6.82
2022-10-02 18:41:26,2022-10-02 18:39:30,Outros,3016,0.33,4117,8.24,1247840,7.66
2022-10-02 18:41:26,2022-10-02 18:39:30,Outros,7741,0.85,4117,8.24,1247840,7.66
2022-10-02 18:41:26,2022-10-02 18:39:30,Outros,125,0.01,4117,8.24,1247840,7.66
2022-10-02 18:41:26,2022-10-02 18:39:30,Bolsonaro,419858,46.15,4117,8.24,1247840,7.66
2022-10-02 18:41:26,2022-10-02 18:39:30,Outros,286,0.03,4117,8.24,1247840,7.66
2022-10-02 18:41:26,2022-10-02 18:39:30,Outros,315,0.03,4117,8.24,1247840,7.66
2022-10-02 18:41:26,2022-10-02 18:39:30,Tebet,39297,4.32,4117,8.24,1247840,7.66
2022-10-02 18:41:26,2022-10-02 18:39:30,Outros,536,0.06,4117,8.24,1247840,7.66
2022-10-02 18:41:26,2022-10-02 18:39:30,Lula,415829,45.71,4117,8.24,1247840,7.66
2022-10-02 18:41:26,2022-10-02 18:39:30,Ciro,22642,2.49,4117,8.24,1247840,7.66
2022-10-02 18:41:26,2022-10-02 18:39:30,Outros,152,0.02,4117,8.24,1247840,7.66
2022-10-02 18:43:26,2022-10-02 18:42:49,Outros,368,0.03,4812,9.63,1462157,8.98
2022-10-02 18:43:26,2022-10-02 18:42:49,Outros,3577,0.33,4812,9.63,1462157,8.98
2022-10-02 18:43:26,2022-10-02 18:42:49,Outros,9138,0.85,4812,9.63,1462157,8.98
2022-10-02 18:43:26,2022-10-02 18:42:49,Outros,153,0.01,4812,9.63,1462157,8.98
2022-10-02 18:43:26,2022-10-02 18:42:49,Bolsonaro,493917,46.2,4812,9.63,1462157,8.98
2022-10-02 18:43:26,2022-10-02 18:42:49,Outros,351,0.03,4812,9.63,1462157,8.98
2022-10-02 18:43:26,2022-10-02 18:42:49,Tebet,46301,4.33,4812,9.63,1462157,8.98
2022-10-02 18:43:26,2022-10-02 18:42:49,Outros,634,0.06,4812,9.63,1462157,8.98
2022-10-02 18:43:26,2022-10-02 18:42:49,Lula,487577,45.61,4812,9.63,1462157,8.98
2022-10-02 18:43:26,2022-10-02 18:42:49,Ciro,26794,2.51,4812,9.63,1462157,8.98
2022-10-02 18:43:26,2022-10-02 18:42:49,Outros,189,0.02,4812,9.63,1462157,8.98
2022-10-02 18:45:26,2022-10-02 18:42:49,Bolsonaro,493917,46.2,4812,9.63,1462157,8.98
2022-10-02 18:45:26,2022-10-02 18:42:49,Outros,368,0.03,4812,9.63,1462157,8.98
2022-10-02 18:45:26,2022-10-02 18:42:49,Outros,3577,0.33,4812,9.63,1462157,8.98
2022-10-02 18:45:26,2022-10-02 18:42:49,Outros,9138,0.85,4812,9.63,1462157,8.98
2022-10-02 18:45:26,2022-10-02 18:42:49,Outros,351,0.03,4812,9.63,1462157,8.98
2022-10-02 18:45:26,2022-10-02 18:42:49,Outros,153,0.01,4812,9.63,1462157,8.98
2022-10-02 18:45:26,2022-10-02 18:42:49,Tebet,46301,4.33,4812,9.63,1462157,8.98
2022-10-02 18:45:26,2022-10-02 18:42:49,Ciro,26794,2.51,4812,9.63,1462157,8.98
2022-10-02 18:45:26,2022-10-02 18:42:49,Lula,487577,45.61,4812,9.63,1462157,8.98
2022-10-02 18:45:26,2022-10-02 18:42:49,Outros,189,0.02,4812,9.63,1462157,8.98
2022-10-02 18:45:26,2022-10-02 18:42:49,Outros,634,0.06,4812,9.63,1462157,8.98
2022-10-02 18:47:27,2022-10-02 18:45:00,Outros,404,0.03,5272,10.55,1601745,9.84
2022-10-02 18:47:27,2022-10-02 18:45:00,Outros,3931,0.34,5272,10.55,1601745,9.84
2022-10-02 18:47:27,2022-10-02 18:45:00,Outros,9995,0.85,5272,10.55,1601745,9.84
2022-10-02 18:47:27,2022-10-02 18:45:00,Bolsonaro,540285,46.15,5272,10.55,1601745,9.84
2022-10-02 18:47:27,2022-10-02 18:45:00,Outros,378,0.03,5272,10.55,1601745,9.84
2022-10-02 18:47:27,2022-10-02 18:45:00,Outros,162,0.01,5272,10.55,1601745,9.84
2022-10-02 18:47:27,2022-10-02 18:45:00,Tebet,50315,4.3,5272,10.55,1601745,9.84
2022-10-02 18:47:27,2022-10-02 18:45:00,Outros,709,0.06,5272,10.55,1601745,9.84
2022-10-02 18:47:27,2022-10-02 18:45:00,Lula,534883,45.69,5272,10.55,1601745,9.84
2022-10-02 18:47:27,2022-10-02 18:45:00,Ciro,29340,2.51,5272,10.55,1601745,9.84
2022-10-02 18:47:27,2022-10-02 18:45:00,Outros,208,0.02,5272,10.55,1601745,9.84
2022-10-02 18:49:29,2022-10-02 18:48:19,Outros,184,0.01,5771,11.55,1754881,10.78
2022-10-02 18:49:29,2022-10-02 18:48:19,Outros,443,0.03,5771,11.55,1754881,10.78
2022-10-02 18:49:29,2022-10-02 18:48:19,Outros,4324,0.34,5771,11.55,1754881,10.78
2022-10-02 18:49:29,2022-10-02 18:48:19,Outros,10969,0.85,5771,11.55,1754881,10.78
2022-10-02 18:49:29,2022-10-02 18:48:19,Bolsonaro,592537,46.18,5771,11.55,1754881,10.78
2022-10-02 18:49:29,2022-10-02 18:48:19,Lula,586215,45.69,5771,11.55,1754881,10.78
2022-10-02 18:49:29,2022-10-02 18:48:19,Outros,235,0.02,5771,11.55,1754881,10.78
2022-10-02 18:49:29,2022-10-02 18:48:19,Tebet,54826,4.27,5771,11.55,1754881,10.78
2022-10-02 18:49:29,2022-10-02 18:48:19,Outros,777,0.06,5771,11.55,1754881,10.78
2022-10-02 18:49:29,2022-10-02 18:48:19,Ciro,32159,2.51,5771,11.55,1754881,10.78
2022-10-02 18:49:29,2022-10-02 18:48:19,Outros,413,0.03,5771,11.55,1754881,10.78
2022-10-02 18:51:29,2022-10-02 18:48:19,Bolsonaro,592537,46.18,5771,11.55,1754881,10.78
2022-10-02 18:51:29,2022-10-02 18:48:19,Outros,4324,0.34,5771,11.55,1754881,10.78
2022-10-02 18:51:29,2022-10-02 18:48:19,Outros,10969,0.85,5771,11.55,1754881,10.78
2022-10-02 18:51:29,2022-10-02 18:48:19,Outros,184,0.01,5771,11.55,1754881,10.78
2022-10-02 18:51:29,2022-10-02 18:48:19,Outros,443,0.03,5771,11.55,1754881,10.78
2022-10-02 18:51:29,2022-10-02 18:48:19,Outros,413,0.03,5771,11.55,1754881,10.78
2022-10-02 18:51:29,2022-10-02 18:48:19,Tebet,54826,4.27,5771,11.55,1754881,10.78
2022-10-02 18:51:29,2022-10-02 18:48:19,Outros,777,0.06,5771,11.55,1754881,10.78
2022-10-02 18:51:29,2022-10-02 18:48:19,Lula,586215,45.69,5771,11.55,1754881,10.78
2022-10-02 18:51:29,2022-10-02 18:48:19,Ciro,32159,2.51,5771,11.55,1754881,10.78
2022-10-02 18:51:29,2022-10-02 18:48:19,Outros,235,0.02,5771,11.55,1754881,10.78
2022-10-02 18:53:30,2022-10-02 18:50:27,Outros,4690,0.34,6262,12.53,1908534,11.72
2022-10-02 18:53:30,2022-10-02 18:50:27,Outros,12015,0.86,6262,12.53,1908534,11.72
2022-10-02 18:53:30,2022-10-02 18:50:27,Outros,205,0.01,6262,12.53,1908534,11.72
2022-10-02 18:53:30,2022-10-02 18:50:27,Bolsonaro,646432,46.26,6262,12.53,1908534,11.72
2022-10-02 18:53:30,2022-10-02 18:50:27,Outros,456,0.03,6262,12.53,1908534,11.72
2022-10-02 18:53:30,2022-10-02 18:50:27,Outros,485,0.03,6262,12.53,1908534,11.72
2022-10-02 18:53:30,2022-10-02 18:50:27,Tebet,59846,4.28,6262,12.53,1908534,11.72
2022-10-02 18:53:30,2022-10-02 18:50:27,Outros,856,0.06,6262,12.53,1908534,11.72
2022-10-02 18:53:30,2022-10-02 18:50:27,Lula,636835,45.58,6262,12.53,1908534,11.72
2022-10-02 18:53:30,2022-10-02 18:50:27,Ciro,35215,2.52,6262,12.53,1908534,11.72
2022-10-02 18:53:30,2022-10-02 18:50:27,Outros,259,0.02,6262,12.53,1908534,11.72
2022-10-02 18:55:32,2022-10-02 18:52:42,Outros,535,0.04,6829,13.66,2080384,12.78
2022-10-02 18:55:32,2022-10-02 18:52:42,Outros,5136,0.34,6829,13.66,2080384,12.78
2022-10-02 18:55:32,2022-10-02 18:52:42,Outros,13072,0.86,6829,13.66,2080384,12.78
2022-10-02 18:55:32,2022-10-02 18:52:42,Outros,218,0.01,6829,13.66,2080384,12.78
2022-10-02 18:55:32,2022-10-02 18:52:42,Bolsonaro,704768,46.18,6829,13.66,2080384,12.78
2022-10-02 18:55:32,2022-10-02 18:52:42,Outros,522,0.03,6829,13.66,2080384,12.78
2022-10-02 18:55:32,2022-10-02 18:52:42,Tebet,65604,4.3,6829,13.66,2080384,12.78
2022-10-02 18:55:32,2022-10-02 18:52:42,Outros,930,0.06,6829,13.66,2080384,12.78
2022-10-02 18:55:32,2022-10-02 18:52:42,Lula,696361,45.63,6829,13.66,2080384,12.78
2022-10-02 18:55:32,2022-10-02 18:52:42,Ciro,38734,2.54,6829,13.66,2080384,12.78
2022-10-02 18:55:32,2022-10-02 18:52:42,Outros,298,0.02,6829,13.66,2080384,12.78
2022-10-02 18:57:32,2022-10-02 18:56:05,Bolsonaro,800934,46.06,7758,15.52,2368697,14.55
2022-10-02 18:57:32,2022-10-02 18:56:05,Outros,616,0.04,7758,15.52,2368697,14.55
2022-10-02 18:57:32,2022-10-02 18:56:05,Outros,5955,0.34,7758,15.52,2368697,14.55
2022-10-02 18:57:32,2022-10-02 18:56:05,Outros,14822,0.85,7758,15.52,2368697,14.55
2022-10-02 18:57:32,2022-10-02 18:56:05,Outros,586,0.03,7758,15.52,2368697,14.55
2022-10-02 18:57:32,2022-10-02 18:56:05,Outros,238,0.01,7758,15.52,2368697,14.55
2022-10-02 18:57:32,2022-10-02 18:56:05,Tebet,74933,4.31,7758,15.52,2368697,14.55
2022-10-02 18:57:32,2022-10-02 18:56:05,Ciro,44248,2.54,7758,15.52,2368697,14.55
2022-10-02 18:57:32,2022-10-02 18:56:05,Lula,795079,45.73,7758,15.52,2368697,14.55
2022-10-02 18:57:32,2022-10-02 18:56:05,Outros,337,0.02,7758,15.52,2368697,14.55
2022-10-02 18:57:32,2022-10-02 18:56:05,Outros,1064,0.06,7758,15.52,2368697,14.55
2022-10-02 18:59:33,2022-10-02 18:56:05,Outros,616,0.04,7758,15.52,2368697,14.55
2022-10-02 18:59:33,2022-10-02 18:56:05,Outros,5955,0.34,7758,15.52,2368697,14.55
2022-10-02 18:59:33,2022-10-02 18:56:05,Outros,14822,0.85,7758,15.52,2368697,14.55
2022-10-02 18:59:33,2022-10-02 18:56:05,Bolsonaro,800934,46.06,7758,15.52,2368697,14.55
2022-10-02 18:59:33,2022-10-02 18:56:05,Outros,586,0.03,7758,15.52,2368697,14.55
2022-10-02 18:59:33,2022-10-02 18:56:05,Outros,238,0.01,7758,15.52,2368697,14.55
2022-10-02 18:59:33,2022-10-02 18:56:05,Tebet,74933,4.31,7758,15.52,2368697,14.55
2022-10-02 18:59:33,2022-10-02 18:56:05,Outros,1064,0.06,7758,15.52,2368697,14.55
2022-10-02 18:59:33,2022-10-02 18:56:05,Lula,795079,45.73,7758,15.52,2368697,14.55
2022-10-02 18:59:33,2022-10-02 18:56:05,Ciro,44248,2.54,7758,15.52,2368697,14.55
2022-10-02 18:59:33,2022-10-02 18:56:05,Outros,337,0.02,7758,15.52,2368697,14.55
2022-10-02 19:01:34,2022-10-02 18:59:25,Bolsonaro,874843,45.99,8455,16.92,2590526,15.91
2022-10-02 19:01:34,2022-10-02 18:59:25,Outros,6485,0.34,8455,16.92,2590526,15.91
2022-10-02 19:01:34,2022-10-02 18:59:25,Outros,16279,0.86,8455,16.92,2590526,15.91
2022-10-02 19:01:34,2022-10-02 18:59:25,Outros,262,0.01,8455,16.92,2590526,15.91
2022-10-02 19:01:34,2022-10-02 18:59:25,Outros,665,0.03,8455,16.92,2590526,15.91
2022-10-02 19:01:34,2022-10-02 18:59:25,Lula,870508,45.76,8455,16.92,2590526,15.91
2022-10-02 19:01:34,2022-10-02 18:59:25,Tebet,82280,4.33,8455,16.92,2590526,15.91
2022-10-02 19:01:34,2022-10-02 18:59:25,Outros,1162,0.06,8455,16.92,2590526,15.91
2022-10-02 19:01:34,2022-10-02 18:59:25,Ciro,48826,2.57,8455,16.92,2590526,15.91
2022-10-02 19:01:34,2022-10-02 18:59:25,Outros,690,0.04,8455,16.92,2590526,15.91
2022-10-02 19:01:34,2022-10-02 18:59:25,Outros,383,0.02,8455,16.92,2590526,15.91
2022-10-02 19:03:35,2022-10-02 19:01:42,Outros,17618,0.85,9198,18.40,2820446,17.32
2022-10-02 19:03:35,2022-10-02 19:01:42,Outros,283,0.01,9198,18.40,2820446,17.32
2022-10-02 19:03:35,2022-10-02 19:01:42,Outros,749,0.04,9198,18.40,2820446,17.32
2022-10-02 19:03:35,2022-10-02 19:01:42,Outros,7051,0.34,9198,18.40,2820446,17.32
2022-10-02 19:03:35,2022-10-02 19:01:42,Bolsonaro,950035,45.86,9198,18.40,2820446,17.32
2022-10-02 19:03:35,2022-10-02 19:01:42,Outros,732,0.04,9198,18.40,2820446,17.32
2022-10-02 19:03:35,2022-10-02 19:01:42,Outros,429,0.02,9198,18.40,2820446,17.32
2022-10-02 19:03:35,2022-10-02 19:01:42,Tebet,89386,4.31,9198,18.40,2820446,17.32
2022-10-02 19:03:35,2022-10-02 19:01:42,Outros,1254,0.06,9198,18.40,2820446,17.32
2022-10-02 19:03:35,2022-10-02 19:01:42,Lula,951211,45.91,9198,18.40,2820446,17.32
2022-10-02 19:03:35,2022-10-02 19:01:42,Ciro,53033,2.56,9198,18.40,2820446,17.32
2022-10-02 19:05:35,2022-10-02 19:01:42,Outros,7051,0.34,9198,18.40,2820446,17.32
2022-10-02 19:05:35,2022-10-02 19:01:42,Outros,17618,0.85,9198,18.40,2820446,17.32
2022-10-02 19:05:35,2022-10-02 19:01:42,Outros,283,0.01,9198,18.40,2820446,17.32
2022-10-02 19:05:35,2022-10-02 19:01:42,Bolsonaro,950035,45.86,9198,18.40,2820446,17.32
2022-10-02 19:05:35,2022-10-02 19:01:42,Outros,732,0.04,9198,18.40,2820446,17.32
2022-10-02 19:05:35,2022-10-02 19:01:42,Outros,749,0.04,9198,18.40,2820446,17.32
2022-10-02 19:05:35,2022-10-02 19:01:42,Tebet,89386,4.31,9198,18.40,2820446,17.32
2022-10-02 19:05:35,2022-10-02 19:01:42,Outros,1254,0.06,9198,18.40,2820446,17.32
2022-10-02 19:05:35,2022-10-02 19:01:42,Lula,951211,45.91,9198,18.40,2820446,17.32
2022-10-02 19:05:35,2022-10-02 19:01:42,Ciro,53033,2.56,9198,18.40,2820446,17.32
2022-10-02 19:05:35,2022-10-02 19:01:42,Outros,429,0.02,9198,18.40,2820446,17.32
2022-10-02 19:07:35,2022-10-02 19:05:34,Outros,873,0.04,10743,21.49,3293714,20.23
2022-10-02 19:07:35,2022-10-02 19:05:34,Outros,8245,0.34,10743,21.49,3293714,20.23
2022-10-02 19:07:35,2022-10-02 19:05:34,Outros,20315,0.84,10743,21.49,3293714,20.23
2022-10-02 19:07:35,2022-10-02 19:05:34,Outros,326,0.01,10743,21.49,3293714,20.23
2022-10-02 19:07:35,2022-10-02 19:05:34,Bolsonaro,1110499,45.85,10743,21.49,3293714,20.23
2022-10-02 19:07:35,2022-10-02 19:05:34,Outros,853,0.04,10743,21.49,3293714,20.23
2022-10-02 19:07:35,2022-10-02 19:05:34,Tebet,104195,4.3,10743,21.49,3293714,20.23
2022-10-02 19:07:35,2022-10-02 19:05:34,Outros,1461,0.06,10743,21.49,3293714,20.23
2022-10-02 19:07:35,2022-10-02 19:05:34,Lula,1112621,45.94,10743,21.49,3293714,20.23
2022-10-02 19:07:35,2022-10-02 19:05:34,Ciro,62175,2.57,10743,21.49,3293714,20.23
2022-10-02 19:07:35,2022-10-02 19:05:34,Outros,498,0.02,10743,21.49,3293714,20.23
2022-10-02 19:09:36,2022-10-02 19:05:34,Bolsonaro,1110499,45.85,10743,21.49,3293714,20.23
2022-10-02 19:09:36,2022-10-02 19:05:34,Outros,8245,0.34,10743,21.49,3293714,20.23
2022-10-02 19:09:36,2022-10-02 19:05:34,Outros,20315,0.84,10743,21.49,3293714,20.23
2022-10-02 19:09:36,2022-10-02 19:05:34,Outros,326,0.01,10743,21.49,3293714,20.23
2022-10-02 19:09:36,2022-10-02 19:05:34,Outros,873,0.04,10743,21.49,3293714,20.23
2022-10-02 19:09:36,2022-10-02 19:05:34,Outros,853,0.04,10743,21.49,3293714,20.23
2022-10-02 19:09:36,2022-10-02 19:05:34,Tebet,104195,4.3,10743,21.49,3293714,20.23
2022-10-02 19:09:36,2022-10-02 19:05:34,Ciro,62175,2.57,10743,21.49,3293714,20.23
2022-10-02 19:09:36,2022-10-02 19:05:34,Outros,498,0.02,10743,21.49,3293714,20.23
2022-10-02 19:09:36,2022-10-02 19:05:34,Outros,1461,0.06,10743,21.49,3293714,20.23
2022-10-02 19:09:36,2022-10-02 19:05:34,Lula,1112621,45.94,10743,21.49,3293714,20.23
2022-10-02 19:11:36,2022-10-02 19:09:05,Outros,9360,0.34,12126,24.26,3729038,22.90
2022-10-02 19:11:36,2022-10-02 19:09:05,Outros,22911,0.83,12126,24.26,3729038,22.90
2022-10-02 19:11:36,2022-10-02 19:09:05,Outros,365,0.01,12126,24.26,3729038,22.90
2022-10-02 19:11:36,2022-10-02 19:09:05,Bolsonaro,1254222,45.7,12126,24.26,3729038,22.90
2022-10-02 19:11:36,2022-10-02 19:09:05,Outros,952,0.03,12126,24.26,3729038,22.90
2022-10-02 19:11:36,2022-10-02 19:09:05,Outros,993,0.04,12126,24.26,3729038,22.90
2022-10-02 19:11:36,2022-10-02 19:09:05,Tebet,117929,4.3,12126,24.26,3729038,22.90
2022-10-02 19:11:36,2022-10-02 19:09:05,Outros,1657,0.06,12126,24.26,3729038,22.90
2022-10-02 19:11:36,2022-10-02 19:09:05,Lula,1265043,46.09,12126,24.26,3729038,22.90
2022-10-02 19:11:36,2022-10-02 19:09:05,Ciro,70768,2.58,12126,24.26,3729038,22.90
2022-10-02 19:11:36,2022-10-02 19:09:05,Outros,559,0.02,12126,24.26,3729038,22.90
2022-10-02 19:13:36,2022-10-02 19:09:05,Outros,993,0.04,12126,24.26,3729038,22.90
2022-10-02 19:13:36,2022-10-02 19:09:05,Outros,9360,0.34,12126,24.26,3729038,22.90
2022-10-02 19:13:36,2022-10-02 19:09:05,Outros,22911,0.83,12126,24.26,3729038,22.90
2022-10-02 19:13:36,2022-10-02 19:09:05,Outros,365,0.01,12126,24.26,3729038,22.90
2022-10-02 19:13:36,2022-10-02 19:09:05,Bolsonaro,1254222,45.7,12126,24.26,3729038,22.90
2022-10-02 19:13:36,2022-10-02 19:09:05,Outros,952,0.03,12126,24.26,3729038,22.90
2022-10-02 19:13:36,2022-10-02 19:09:05,Tebet,117929,4.3,12126,24.26,3729038,22.90
2022-10-02 19:13:36,2022-10-02 19:09:05,Outros,1657,0.06,12126,24.26,3729038,22.90
2022-10-02 19:13:36,2022-10-02 19:09:05,Ciro,70768,2.58,12126,24.26,3729038,22.90
2022-10-02 19:13:36,2022-10-02 19:09:05,Outros,559,0.02,12126,24.26,3729038,22.90
2022-10-02 19:13:36,2022-10-02 19:09:05,Lula,1265043,46.09,12126,24.26,3729038,22.90
2022-10-02 19:15:38,2022-10-02 19:12:57,Outros,1105,0.04,13214,26.44,4075860,25.03
2022-10-02 19:15:38,2022-10-02 19:12:57,Bolsonaro,1365248,45.52,13214,26.44,4075860,25.03
2022-10-02 19:15:38,2022-10-02 19:12:57,Outros,10292,0.34,13214,26.44,4075860,25.03
2022-10-02 19:15:38,2022-10-02 19:12:57,Outros,24902,0.83,13214,26.44,4075860,25.03
2022-10-02 19:15:38,2022-10-02 19:12:57,Outros,403,0.01,13214,26.44,4075860,25.03
2022-10-02 19:15:38,2022-10-02 19:12:57,Outros,1063,0.04,13214,26.44,4075860,25.03
2022-10-02 19:15:38,2022-10-02 19:12:57,Tebet,128502,4.28,13214,26.44,4075860,25.03
2022-10-02 19:15:38,2022-10-02 19:12:57,Outros,1834,0.06,13214,26.44,4075860,25.03
2022-10-02 19:15:38,2022-10-02 19:12:57,Lula,1387961,46.27,13214,26.44,4075860,25.03
2022-10-02 19:15:38,2022-10-02 19:12:57,Ciro,77523,2.58,13214,26.44,4075860,25.03
2022-10-02 19:15:38,2022-10-02 19:12:57,Outros,614,0.02,13214,26.44,4075860,25.03
2022-10-02 19:17:38,2022-10-02 19:15:42,Bolsonaro,1459194,45.49,14109,28.23,4358073,26.76
2022-10-02 19:17:38,2022-10-02 19:15:42,Lula,1485880,46.32,14109,28.23,4358073,26.76
2022-10-02 19:17:38,2022-10-02 19:15:42,Outros,653,0.02,14109,28.23,4358073,26.76
2022-10-02 19:17:38,2022-10-02 19:15:42,Outros,1131,0.04,14109,28.23,4358073,26.76
2022-10-02 19:17:38,2022-10-02 19:15:42,Ciro,82755,2.58,14109,28.23,4358073,26.76
2022-10-02 19:17:38,2022-10-02 19:15:42,Outros,426,0.01,14109,28.23,4358073,26.76
2022-10-02 19:17:38,2022-10-02 19:15:42,Outros,1940,0.06,14109,28.23,4358073,26.76
2022-10-02 19:17:38,2022-10-02 19:15:42,Tebet,137104,4.27,14109,28.23,4358073,26.76
2022-10-02 19:17:38,2022-10-02 19:15:42,Outros,26595,0.83,14109,28.23,4358073,26.76
2022-10-02 19:17:38,2022-10-02 19:15:42,Outros,1192,0.04,14109,28.23,4358073,26.76
2022-10-02 19:17:38,2022-10-02 19:15:42,Outros,11096,0.35,14109,28.23,4358073,26.76
2022-10-02 19:19:38,2022-10-02 19:15:42,Outros,426,0.01,14109,28.23,4358073,26.76
2022-10-02 19:19:38,2022-10-02 19:15:42,Bolsonaro,1459194,45.49,14109,28.23,4358073,26.76
2022-10-02 19:19:38,2022-10-02 19:15:42,Lula,1485880,46.32,14109,28.23,4358073,26.76
2022-10-02 19:19:38,2022-10-02 19:15:42,Outros,653,0.02,14109,28.23,4358073,26.76
2022-10-02 19:19:38,2022-10-02 19:15:42,Outros,1131,0.04,14109,28.23,4358073,26.76
2022-10-02 19:19:38,2022-10-02 19:15:42,Ciro,82755,2.58,14109,28.23,4358073,26.76
2022-10-02 19:19:38,2022-10-02 19:15:42,Outros,1940,0.06,14109,28.23,4358073,26.76
2022-10-02 19:19:38,2022-10-02 19:15:42,Tebet,137104,4.27,14109,28.23,4358073,26.76
2022-10-02 19:19:38,2022-10-02 19:15:42,Outros,26595,0.83,14109,28.23,4358073,26.76
2022-10-02 19:19:38,2022-10-02 19:15:42,Outros,1192,0.04,14109,28.23,4358073,26.76
2022-10-02 19:19:38,2022-10-02 19:15:42,Outros,11096,0.35,14109,28.23,4358073,26.76
2022-10-02 19:21:39,2022-10-02 19:19:44,Outros,456,0.01,15669,31.35,4843985,29.75
2022-10-02 19:21:39,2022-10-02 19:19:44,Outros,1313,0.04,15669,31.35,4843985,29.75
2022-10-02 19:21:39,2022-10-02 19:19:44,Outros,12445,0.35,15669,31.35,4843985,29.75
2022-10-02 19:21:39,2022-10-02 19:19:44,Outros,29602,0.83,15669,31.35,4843985,29.75
2022-10-02 19:21:39,2022-10-02 19:19:44,Bolsonaro,1614915,45.28,15669,31.35,4843985,29.75
2022-10-02 19:21:39,2022-10-02 19:19:44,Outros,2164,0.06,15669,31.35,4843985,29.75
2022-10-02 19:21:39,2022-10-02 19:19:44,Outros,735,0.02,15669,31.35,4843985,29.75
2022-10-02 19:21:39,2022-10-02 19:19:44,Tebet,151866,4.26,15669,31.35,4843985,29.75
2022-10-02 19:21:39,2022-10-02 19:19:44,Outros,1257,0.04,15669,31.35,4843985,29.75
2022-10-02 19:21:39,2022-10-02 19:19:44,Lula,1659783,46.54,15669,31.35,4843985,29.75
2022-10-02 19:21:39,2022-10-02 19:19:44,Ciro,91970,2.58,15669,31.35,4843985,29.75
2022-10-02 19:23:39,2022-10-02 19:19:44,Outros,1313,0.04,15669,31.35,4843985,29.75
2022-10-02 19:23:39,2022-10-02 19:19:44,Outros,12445,0.35,15669,31.35,4843985,29.75
2022-10-02 19:23:39,2022-10-02 19:19:44,Outros,29602,0.83,15669,31.35,4843985,29.75
2022-10-02 19:23:39,2022-10-02 19:19:44,Outros,456,0.01,15669,31.35,4843985,29.75
2022-10-02 19:23:39,2022-10-02 19:19:44,Bolsonaro,1614915,45.28,15669,31.35,4843985,29.75
2022-10-02 19:23:39,2022-10-02 19:19:44,Outros,1257,0.04,15669,31.35,4843985,29.75
2022-10-02 19:23:39,2022-10-02 19:19:44,Outros,735,0.02,15669,31.35,4843985,29.75
2022-10-02 19:23:39,2022-10-02 19:19:44,Tebet,151866,4.26,15669,31.35,4843985,29.75
2022-10-02 19:23:39,2022-10-02 19:19:44,Outros,2164,0.06,15669,31.35,4843985,29.75
2022-10-02 19:23:39,2022-10-02 19:19:44,Lula,1659783,46.54,15669,31.35,4843985,29.75
2022-10-02 19:23:39,2022-10-02 19:19:44,Ciro,91970,2.58,15669,31.35,4843985,29.75
2022-10-02 19:25:39,2022-10-02 19:23:39,Outros,13649,0.35,17069,34.15,5287863,32.47
2022-10-02 19:25:39,2022-10-02 19:23:39,Outros,32321,0.83,17069,34.15,5287863,32.47
2022-10-02 19:25:39,2022-10-02 19:23:39,Outros,497,0.01,17069,34.15,5287863,32.47
2022-10-02 19:25:39,2022-10-02 19:23:39,Bolsonaro,1766628,45.31,17069,34.15,5287863,32.47
2022-10-02 19:25:39,2022-10-02 19:23:39,Outros,1406,0.04,17069,34.15,5287863,32.47
2022-10-02 19:25:39,2022-10-02 19:23:39,Outros,1422,0.04,17069,34.15,5287863,32.47
2022-10-02 19:25:39,2022-10-02 19:23:39,Tebet,166128,4.26,17069,34.15,5287863,32.47
2022-10-02 19:25:39,2022-10-02 19:23:39,Outros,2377,0.06,17069,34.15,5287863,32.47
2022-10-02 19:25:39,2022-10-02 19:23:39,Lula,1812857,46.5,17069,34.15,5287863,32.47
2022-10-02 19:25:39,2022-10-02 19:23:39,Ciro,100484,2.58,17069,34.15,5287863,32.47
2022-10-02 19:25:39,2022-10-02 19:23:39,Outros,794,0.02,17069,34.15,5287863,32.47
2022-10-02 19:27:40,2022-10-02 19:23:39,Outros,13649,0.35,17069,34.15,5287863,32.47
2022-10-02 19:27:40,2022-10-02 19:23:39,Outros,32321,0.83,17069,34.15,5287863,32.47
2022-10-02 19:27:40,2022-10-02 19:23:39,Outros,497,0.01,17069,34.15,5287863,32.47
2022-10-02 19:27:40,2022-10-02 19:23:39,Bolsonaro,1766628,45.31,17069,34.15,5287863,32.47
2022-10-02 19:27:40,2022-10-02 19:23:39,Outros,1406,0.04,17069,34.15,5287863,32.47
2022-10-02 19:27:40,2022-10-02 19:23:39,Outros,1422,0.04,17069,34.15,5287863,32.47
2022-10-02 19:27:40,2022-10-02 19:23:39,Tebet,166128,4.26,17069,34.15,5287863,32.47
2022-10-02 19:27:40,2022-10-02 19:23:39,Outros,2377,0.06,17069,34.15,5287863,32.47
2022-10-02 19:27:40,2022-10-02 19:23:39,Lula,1812857,46.5,17069,34.15,5287863,32.47
2022-10-02 19:27:40,2022-10-02 19:23:39,Ciro,100484,2.58,17069,34.15,5287863,32.47
2022-10-02 19:27:40,2022-10-02 19:23:39,Outros,794,0.02,17069,34.15,5287863,32.47
2022-10-02 19:29:40,2022-10-02 19:28:26,Outros,1521,0.04,18539,37.09,5752432,35.33
2022-10-02 19:29:40,2022-10-02 19:28:26,Outros,14936,0.35,18539,37.09,5752432,35.33
2022-10-02 19:29:40,2022-10-02 19:28:26,Outros,35155,0.83,18539,37.09,5752432,35.33
2022-10-02 19:29:40,2022-10-02 19:28:26,Outros,534,0.01,18539,37.09,5752432,35.33
2022-10-02 19:29:40,2022-10-02 19:28:26,Bolsonaro,1915090,45.15,18539,37.09,5752432,35.33
2022-10-02 19:29:40,2022-10-02 19:28:26,Outros,1535,0.04,18539,37.09,5752432,35.33
2022-10-02 19:29:40,2022-10-02 19:28:26,Tebet,180475,4.25,18539,37.09,5752432,35.33
2022-10-02 19:29:40,2022-10-02 19:28:26,Outros,2588,0.06,18539,37.09,5752432,35.33
2022-10-02 19:29:40,2022-10-02 19:28:26,Lula,1979809,46.67,18539,37.09,5752432,35.33
2022-10-02 19:29:40,2022-10-02 19:28:26,Ciro,109215,2.57,18539,37.09,5752432,35.33
2022-10-02 19:29:40,2022-10-02 19:28:26,Outros,850,0.02,18539,37.09,5752432,35.33
2022-10-02 19:31:41,2022-10-02 19:28:26,Bolsonaro,1915090,45.15,18539,37.09,5752432,35.33
2022-10-02 19:31:41,2022-10-02 19:28:26,Outros,14936,0.35,18539,37.09,5752432,35.33
2022-10-02 19:31:41,2022-10-02 19:28:26,Outros,35155,0.83,18539,37.09,5752432,35.33
2022-10-02 19:31:41,2022-10-02 19:28:26,Outros,534,0.01,18539,37.09,5752432,35.33
2022-10-02 19:31:41,2022-10-02 19:28:26,Outros,1535,0.04,18539,37.09,5752432,35.33
2022-10-02 19:31:41,2022-10-02 19:28:26,Outros,1521,0.04,18539,37.09,5752432,35.33
2022-10-02 19:31:41,2022-10-02 19:28:26,Tebet,180475,4.25,18539,37.09,5752432,35.33
2022-10-02 19:31:41,2022-10-02 19:28:26,Ciro,109215,2.57,18539,37.09,5752432,35.33
2022-10-02 19:31:41,2022-10-02 19:28:26,Outros,850,0.02,18539,37.09,5752432,35.33
2022-10-02 19:31:41,2022-10-02 19:28:26,Outros,2588,0.06,18539,37.09,5752432,35.33
2022-10-02 19:31:41,2022-10-02 19:28:26,Lula,1979809,46.67,18539,37.09,5752432,35.33
2022-10-02 19:33:42,2022-10-02 19:32:00,Outros,16041,0.35,19766,39.55,6142608,37.72
2022-10-02 19:33:42,2022-10-02 19:32:00,Outros,37629,0.83,19766,39.55,6142608,37.72
2022-10-02 19:33:42,2022-10-02 19:32:00,Outros,561,0.01,19766,39.55,6142608,37.72
2022-10-02 19:33:42,2022-10-02 19:32:00,Bolsonaro,2046245,45.14,19766,39.55,6142608,37.72
2022-10-02 19:33:42,2022-10-02 19:32:00,Outros,1647,0.04,19766,39.55,6142608,37.72
2022-10-02 19:33:42,2022-10-02 19:32:00,Outros,1614,0.04,19766,39.55,6142608,37.72
2022-10-02 19:33:42,2022-10-02 19:32:00,Tebet,193194,4.26,19766,39.55,6142608,37.72
2022-10-02 19:33:42,2022-10-02 19:32:00,Outros,2761,0.06,19766,39.55,6142608,37.72
2022-10-02 19:33:42,2022-10-02 19:32:00,Lula,2115402,46.67,19766,39.55,6142608,37.72
2022-10-02 19:33:42,2022-10-02 19:32:00,Ciro,116819,2.58,19766,39.55,6142608,37.72
2022-10-02 19:33:42,2022-10-02 19:32:00,Outros,914,0.02,19766,39.55,6142608,37.72
2022-10-02 19:35:42,2022-10-02 19:32:00,Outros,1614,0.04,19766,39.55,6142608,37.72
2022-10-02 19:35:42,2022-10-02 19:32:00,Outros,16041,0.35,19766,39.55,6142608,37.72
2022-10-02 19:35:42,2022-10-02 19:32:00,Outros,37629,0.83,19766,39.55,6142608,37.72
2022-10-02 19:35:42,2022-10-02 19:32:00,Outros,561,0.01,19766,39.55,6142608,37.72
2022-10-02 19:35:42,2022-10-02 19:32:00,Bolsonaro,2046245,45.14,19766,39.55,6142608,37.72
2022-10-02 19:35:42,2022-10-02 19:32:00,Outros,1647,0.04,19766,39.55,6142608,37.72
2022-10-02 19:35:42,2022-10-02 19:32:00,Tebet,193194,4.26,19766,39.55,6142608,37.72
2022-10-02 19:35:42,2022-10-02 19:32:00,Outros,2761,0.06,19766,39.55,6142608,37.72
2022-10-02 19:35:42,2022-10-02 19:32:00,Ciro,116819,2.58,19766,39.55,6142608,37.72
2022-10-02 19:35:42,2022-10-02 19:32:00,Outros,914,0.02,19766,39.55,6142608,37.72
2022-10-02 19:35:42,2022-10-02 19:32:00,Lula,2115402,46.67,19766,39.55,6142608,37.72
2022-10-02 19:37:43,2022-10-02 19:32:00,Outros,1614,0.04,19766,39.55,6142608,37.72
2022-10-02 19:37:43,2022-10-02 19:32:00,Bolsonaro,2046245,45.14,19766,39.55,6142608,37.72
2022-10-02 19:37:43,2022-10-02 19:32:00,Outros,16041,0.35,19766,39.55,6142608,37.72
2022-10-02 19:37:43,2022-10-02 19:32:00,Outros,37629,0.83,19766,39.55,6142608,37.72
2022-10-02 19:37:43,2022-10-02 19:32:00,Outros,561,0.01,19766,39.55,6142608,37.72
2022-10-02 19:37:43,2022-10-02 19:32:00,Outros,1647,0.04,19766,39.55,6142608,37.72
2022-10-02 19:37:43,2022-10-02 19:32:00,Tebet,193194,4.26,19766,39.55,6142608,37.72
2022-10-02 19:37:43,2022-10-02 19:32:00,Outros,2761,0.06,19766,39.55,6142608,37.72
2022-10-02 19:37:43,2022-10-02 19:32:00,Lula,2115402,46.67,19766,39.55,6142608,37.72
2022-10-02 19:37:43,2022-10-02 19:32:00,Ciro,116819,2.58,19766,39.55,6142608,37.72
2022-10-02 19:37:43,2022-10-02 19:32:00,Outros,914,0.02,19766,39.55,6142608,37.72
2022-10-02 19:39:43,2022-10-02 19:32:00,Outros,16041,0.35,19766,39.55,6142608,37.72
2022-10-02 19:39:43,2022-10-02 19:32:00,Outros,37629,0.83,19766,39.55,6142608,37.72
2022-10-02 19:39:43,2022-10-02 19:32:00,Outros,561,0.01,19766,39.55,6142608,37.72
2022-10-02 19:39:43,2022-10-02 19:32:00,Bolsonaro,2046245,45.14,19766,39.55,6142608,37.72
2022-10-02 19:39:43,2022-10-02 19:32:00,Outros,1647,0.04,19766,39.55,6142608,37.72
2022-10-02 19:39:43,2022-10-02 19:32:00,Outros,1614,0.04,19766,39.55,6142608,37.72
2022-10-02 19:39:43,2022-10-02 19:32:00,Tebet,193194,4.26,19766,39.55,6142608,37.72
2022-10-02 19:39:43,2022-10-02 19:32:00,Outros,2761,0.06,19766,39.55,6142608,37.72
2022-10-02 19:39:43,2022-10-02 19:32:00,Lula,2115402,46.67,19766,39.55,6142608,37.72
2022-10-02 19:39:43,2022-10-02 19:32:00,Ciro,116819,2.58,19766,39.55,6142608,37.72
2022-10-02 19:39:43,2022-10-02 19:32:00,Outros,914,0.02,19766,39.55,6142608,37.72
2022-10-02 19:41:44,2022-10-02 19:32:00,Outros,1614,0.04,19766,39.55,6142608,37.72
2022-10-02 19:41:44,2022-10-02 19:32:00,Outros,16041,0.35,19766,39.55,6142608,37.72
2022-10-02 19:41:44,2022-10-02 19:32:00,Outros,37629,0.83,19766,39.55,6142608,37.72
2022-10-02 19:41:44,2022-10-02 19:32:00,Outros,561,0.01,19766,39.55,6142608,37.72
2022-10-02 19:41:44,2022-10-02 19:32:00,Bolsonaro,2046245,45.14,19766,39.55,6142608,37.72
2022-10-02 19:41:44,2022-10-02 19:32:00,Outros,1647,0.04,19766,39.55,6142608,37.72
2022-10-02 19:41:44,2022-10-02 19:32:00,Tebet,193194,4.26,19766,39.55,6142608,37.72
2022-10-02 19:41:44,2022-10-02 19:32:00,Outros,2761,0.06,19766,39.55,6142608,37.72
2022-10-02 19:41:44,2022-10-02 19:32:00,Lula,2115402,46.67,19766,39.55,6142608,37.72
2022-10-02 19:41:44,2022-10-02 19:32:00,Ciro,116819,2.58,19766,39.55,6142608,37.72
2022-10-02 19:41:44,2022-10-02 19:32:00,Outros,914,0.02,19766,39.55,6142608,37.72
2022-10-02 19:43:44,2022-10-02 19:32:00,Bolsonaro,2046245,45.14,19766,39.55,6142608,37.72
2022-10-02 19:43:44,2022-10-02 19:32:00,Outros,16041,0.35,19766,39.55,6142608,37.72
2022-10-02 19:43:44,2022-10-02 19:32:00,Outros,37629,0.83,19766,39.55,6142608,37.72
2022-10-02 19:43:44,2022-10-02 19:32:00,Outros,561,0.01,19766,39.55,6142608,37.72
2022-10-02 19:43:44,2022-10-02 19:32:00,Outros,1647,0.04,19766,39.55,6142608,37.72
2022-10-02 19:43:44,2022-10-02 19:32:00,Outros,1614,0.04,19766,39.55,6142608,37.72
2022-10-02 19:43:44,2022-10-02 19:32:00,Tebet,193194,4.26,19766,39.55,6142608,37.72
2022-10-02 19:43:44,2022-10-02 19:32:00,Ciro,116819,2.58,19766,39.55,6142608,37.72
2022-10-02 19:43:44,2022-10-02 19:32:00,Outros,914,0.02,19766,39.55,6142608,37.72
2022-10-02 19:43:44,2022-10-02 19:32:00,Outros,2761,0.06,19766,39.55,6142608,37.72
2022-10-02 19:43:44,2022-10-02 19:32:00,Lula,2115402,46.67,19766,39.55,6142608,37.72
2022-10-02 19:45:45,2022-10-02 19:42:50,Ciro,142130,2.58,23803,47.62,7451723,45.76
2022-10-02 19:45:45,2022-10-02 19:42:50,Lula,2574816,46.75,23803,47.62,7451723,45.76
2022-10-02 19:45:45,2022-10-02 19:42:50,Outros,3342,0.06,23803,47.62,7451723,45.76
2022-10-02 19:45:45,2022-10-02 19:42:50,Tebet,234032,4.25,23803,47.62,7451723,45.76
2022-10-02 19:45:45,2022-10-02 19:42:50,Outros,1125,0.02,23803,47.62,7451723,45.76
2022-10-02 19:45:45,2022-10-02 19:42:50,Outros,2103,0.04,23803,47.62,7451723,45.76
2022-10-02 19:45:45,2022-10-02 19:42:50,Bolsonaro,2482561,45.07,23803,47.62,7451723,45.76
2022-10-02 19:45:45,2022-10-02 19:42:50,Outros,713,0.01,23803,47.62,7451723,45.76
2022-10-02 19:45:45,2022-10-02 19:42:50,Outros,45500,0.83,23803,47.62,7451723,45.76
2022-10-02 19:45:45,2022-10-02 19:42:50,Outros,19702,0.36,23803,47.62,7451723,45.76
2022-10-02 19:45:45,2022-10-02 19:42:50,Outros,1968,0.04,23803,47.62,7451723,45.76
2022-10-02 19:47:45,2022-10-02 19:42:50,Outros,1968,0.04,23803,47.62,7451723,45.76
2022-10-02 19:47:45,2022-10-02 19:42:50,Outros,19702,0.36,23803,47.62,7451723,45.76
2022-10-02 19:47:45,2022-10-02 19:42:50,Outros,45500,0.83,23803,47.62,7451723,45.76
2022-10-02 19:47:45,2022-10-02 19:42:50,Outros,713,0.01,23803,47.62,7451723,45.76
2022-10-02 19:47:45,2022-10-02 19:42:50,Bolsonaro,2482561,45.07,23803,47.62,7451723,45.76
2022-10-02 19:47:45,2022-10-02 19:42:50,Lula,2574816,46.75,23803,47.62,7451723,45.76
2022-10-02 19:47:45,2022-10-02 19:42:50,Outros,1125,0.02,23803,47.62,7451723,45.76
2022-10-02 19:47:45,2022-10-02 19:42:50,Tebet,234032,4.25,23803,47.62,7451723,45.76
2022-10-02 19:47:45,2022-10-02 19:42:50,Outros,3342,0.06,23803,47.62,7451723,45.76
2022-10-02 19:47:45,2022-10-02 19:42:50,Outros,2103,0.04,23803,47.62,7451723,45.76
2022-10-02 19:47:45,2022-10-02 19:42:50,Ciro,142130,2.58,23803,47.62,7451723,45.76
2022-10-02 19:49:46,2022-10-02 19:47:33,Outros,2100,0.04,25514,51.05,8012232,49.20
2022-10-02 19:49:46,2022-10-02 19:47:33,Outros,776,0.01,25514,51.05,8012232,49.20
2022-10-02 19:49:46,2022-10-02 19:47:33,Outros,21300,0.36,25514,51.05,8012232,49.20
2022-10-02 19:49:46,2022-10-02 19:47:33,Outros,48864,0.82,25514,51.05,8012232,49.20
2022-10-02 19:49:46,2022-10-02 19:47:33,Bolsonaro,2663914,44.97,25514,51.05,8012232,49.20
2022-10-02 19:49:46,2022-10-02 19:47:33,Outros,2276,0.04,25514,51.05,8012232,49.20
2022-10-02 19:49:46,2022-10-02 19:47:33,Tebet,251772,4.25,25514,51.05,8012232,49.20
2022-10-02 19:49:46,2022-10-02 19:47:33,Outros,3591,0.06,25514,51.05,8012232,49.20
2022-10-02 19:49:46,2022-10-02 19:47:33,Lula,2775587,46.85,25514,51.05,8012232,49.20
2022-10-02 19:49:46,2022-10-02 19:47:33,Ciro,152802,2.58,25514,51.05,8012232,49.20
2022-10-02 19:49:46,2022-10-02 19:47:33,Outros,1219,0.02,25514,51.05,8012232,49.20
2022-10-02 19:51:46,2022-10-02 19:47:33,Outros,21300,0.36,25514,51.05,8012232,49.20
2022-10-02 19:51:46,2022-10-02 19:47:33,Outros,48864,0.82,25514,51.05,8012232,49.20
2022-10-02 19:51:46,2022-10-02 19:47:33,Outros,776,0.01,25514,51.05,8012232,49.20
2022-10-02 19:51:46,2022-10-02 19:47:33,Bolsonaro,2663914,44.97,25514,51.05,8012232,49.20
2022-10-02 19:51:46,2022-10-02 19:47:33,Outros,2276,0.04,25514,51.05,8012232,49.20
2022-10-02 19:51:46,2022-10-02 19:47:33,Outros,2100,0.04,25514,51.05,8012232,49.20
2022-10-02 19:51:46,2022-10-02 19:47:33,Tebet,251772,4.25,25514,51.05,8012232,49.20
2022-10-02 19:51:46,2022-10-02 19:47:33,Outros,3591,0.06,25514,51.05,8012232,49.20
2022-10-02 19:51:46,2022-10-02 19:47:33,Lula,2775587,46.85,25514,51.05,8012232,49.20
2022-10-02 19:51:46,2022-10-02 19:47:33,Ciro,152802,2.58,25514,51.05,8012232,49.20
2022-10-02 19:51:46,2022-10-02 19:47:33,Outros,1219,0.02,25514,51.05,8012232,49.20
2022-10-02 19:53:46,2022-10-02 19:50:38,Outros,2197,0.04,26628,53.28,8379802,51.46
2022-10-02 19:53:46,2022-10-02 19:50:38,Outros,22342,0.36,26628,53.28,8379802,51.46
2022-10-02 19:53:46,2022-10-02 19:50:38,Outros,51080,0.82,26628,53.28,8379802,51.46
2022-10-02 19:53:46,2022-10-02 19:50:38,Outros,822,0.01,26628,53.28,8379802,51.46
2022-10-02 19:53:46,2022-10-02 19:50:38,Bolsonaro,2785241,44.94,26628,53.28,8379802,51.46
2022-10-02 19:53:46,2022-10-02 19:50:38,Outros,2422,0.04,26628,53.28,8379802,51.46
2022-10-02 19:53:46,2022-10-02 19:50:38,Tebet,263350,4.25,26628,53.28,8379802,51.46
2022-10-02 19:53:46,2022-10-02 19:50:38,Outros,3752,0.06,26628,53.28,8379802,51.46
2022-10-02 19:53:46,2022-10-02 19:50:38,Lula,2905072,46.88,26628,53.28,8379802,51.46
2022-10-02 19:53:46,2022-10-02 19:50:38,Ciro,159832,2.58,26628,53.28,8379802,51.46
2022-10-02 19:53:46,2022-10-02 19:50:38,Outros,1287,0.02,26628,53.28,8379802,51.46
2022-10-02 19:55:47,2022-10-02 19:50:38,Outros,2197,0.04,26628,53.28,8379802,51.46
2022-10-02 19:55:47,2022-10-02 19:50:38,Outros,22342,0.36,26628,53.28,8379802,51.46
2022-10-02 19:55:47,2022-10-02 19:50:38,Outros,51080,0.82,26628,53.28,8379802,51.46
2022-10-02 19:55:47,2022-10-02 19:50:38,Outros,822,0.01,26628,53.28,8379802,51.46
2022-10-02 19:55:47,2022-10-02 19:50:38,Bolsonaro,2785241,44.94,26628,53.28,8379802,51.46
2022-10-02 19:55:47,2022-10-02 19:50:38,Outros,2422,0.04,26628,53.28,8379802,51.46
2022-10-02 19:55:47,2022-10-02 19:50:38,Tebet,263350,4.25,26628,53.28,8379802,51.46
2022-10-02 19:55:47,2022-10-02 19:50:38,Ciro,159832,2.58,26628,53.28,8379802,51.46
2022-10-02 19:55:47,2022-10-02 19:50:38,Outros,1287,0.02,26628,53.28,8379802,51.46
2022-10-02 19:55:47,2022-10-02 19:50:38,Outros,3752,0.06,26628,53.28,8379802,51.46
2022-10-02 19:55:47,2022-10-02 19:50:38,Lula,2905072,46.88,26628,53.28,8379802,51.46
2022-10-02 19:57:48,2022-10-02 19:54:53,Outros,23769,0.36,28235,56.49,8914930,54.75
2022-10-02 19:57:48,2022-10-02 19:54:53,Outros,54119,0.82,28235,56.49,8914930,54.75
2022-10-02 19:57:48,2022-10-02 19:54:53,Outros,874,0.01,28235,56.49,8914930,54.75
2022-10-02 19:57:48,2022-10-02 19:54:53,Bolsonaro,2960706,44.9,28235,56.49,8914930,54.75
2022-10-02 19:57:48,2022-10-02 19:54:53,Outros,2576,0.04,28235,56.49,8914930,54.75
2022-10-02 19:57:48,2022-10-02 19:54:53,Outros,2333,0.04,28235,56.49,8914930,54.75
2022-10-02 19:57:48,2022-10-02 19:54:53,Tebet,278860,4.23,28235,56.49,8914930,54.75
2022-10-02 19:57:48,2022-10-02 19:54:53,Outros,4027,0.06,28235,56.49,8914930,54.75
2022-10-02 19:57:48,2022-10-02 19:54:53,Lula,3096002,46.95,28235,56.49,8914930,54.75
2022-10-02 19:57:48,2022-10-02 19:54:53,Ciro,169622,2.57,28235,56.49,8914930,54.75
2022-10-02 19:57:48,2022-10-02 19:54:53,Outros,1377,0.02,28235,56.49,8914930,54.75
2022-10-02 19:59:48,2022-10-02 19:54:53,Outros,2333,0.04,28235,56.49,8914930,54.75
2022-10-02 19:59:48,2022-10-02 19:54:53,Outros,23769,0.36,28235,56.49,8914930,54.75
2022-10-02 19:59:48,2022-10-02 19:54:53,Outros,54119,0.82,28235,56.49,8914930,54.75
2022-10-02 19:59:48,2022-10-02 19:54:53,Outros,874,0.01,28235,56.49,8914930,54.75
2022-10-02 19:59:48,2022-10-02 19:54:53,Bolsonaro,2960706,44.9,28235,56.49,8914930,54.75
2022-10-02 19:59:48,2022-10-02 19:54:53,Outros,2576,0.04,28235,56.49,8914930,54.75
2022-10-02 19:59:48,2022-10-02 19:54:53,Tebet,278860,4.23,28235,56.49,8914930,54.75
2022-10-02 19:59:48,2022-10-02 19:54:53,Outros,4027,0.06,28235,56.49,8914930,54.75
2022-10-02 19:59:48,2022-10-02 19:54:53,Ciro,169622,2.57,28235,56.49,8914930,54.75
2022-10-02 19:59:48,2022-10-02 19:54:53,Outros,1377,0.02,28235,56.49,8914930,54.75
2022-10-02 19:59:48,2022-10-02 19:54:53,Lula,3096002,46.95,28235,56.49,8914930,54.75
2022-10-02 20:01:49,2022-10-02 19:59:19,Outros,2493,0.04,30097,60.22,9518308,58.45
2022-10-02 20:01:49,2022-10-02 19:59:19,Bolsonaro,3141600,44.64,30097,60.22,9518308,58.45
2022-10-02 20:01:49,2022-10-02 19:59:19,Outros,25352,0.36,30097,60.22,9518308,58.45
2022-10-02 20:01:49,2022-10-02 19:59:19,Outros,57637,0.82,30097,60.22,9518308,58.45
2022-10-02 20:01:49,2022-10-02 19:59:19,Outros,934,0.01,30097,60.22,9518308,58.45
2022-10-02 20:01:49,2022-10-02 19:59:19,Outros,2780,0.04,30097,60.22,9518308,58.45
2022-10-02 20:01:49,2022-10-02 19:59:19,Tebet,297368,4.23,30097,60.22,9518308,58.45
2022-10-02 20:01:49,2022-10-02 19:59:19,Outros,4287,0.06,30097,60.22,9518308,58.45
2022-10-02 20:01:49,2022-10-02 19:59:19,Lula,3322770,47.21,30097,60.22,9518308,58.45
2022-10-02 20:01:49,2022-10-02 19:59:19,Ciro,180966,2.57,30097,60.22,9518308,58.45
2022-10-02 20:01:49,2022-10-02 19:59:19,Outros,1472,0.02,30097,60.22,9518308,58.45
2022-10-02 20:03:49,2022-10-02 19:59:19,Outros,25352,0.36,30097,60.22,9518308,58.45
2022-10-02 20:03:49,2022-10-02 19:59:19,Outros,57637,0.82,30097,60.22,9518308,58.45
2022-10-02 20:03:49,2022-10-02 19:59:19,Outros,934,0.01,30097,60.22,9518308,58.45
2022-10-02 20:03:49,2022-10-02 19:59:19,Bolsonaro,3141600,44.64,30097,60.22,9518308,58.45
2022-10-02 20:03:49,2022-10-02 19:59:19,Outros,2780,0.04,30097,60.22,9518308,58.45
2022-10-02 20:03:49,2022-10-02 19:59:19,Outros,2493,0.04,30097,60.22,9518308,58.45
2022-10-02 20:03:49,2022-10-02 19:59:19,Tebet,297368,4.23,30097,60.22,9518308,58.45
2022-10-02 20:03:49,2022-10-02 19:59:19,Outros,4287,0.06,30097,60.22,9518308,58.45
2022-10-02 20:03:49,2022-10-02 19:59:19,Lula,3322770,47.21,30097,60.22,9518308,58.45
2022-10-02 20:03:49,2022-10-02 19:59:19,Ciro,180966,2.57,30097,60.22,9518308,58.45
2022-10-02 20:03:49,2022-10-02 19:59:19,Outros,1472,0.02,30097,60.22,9518308,58.45
2022-10-02 20:05:50,2022-10-02 20:04:25,Outros,2702,0.04,32304,64.63,10243483,62.91
2022-10-02 20:05:50,2022-10-02 20:04:25,Outros,27340,0.36,32304,64.63,10243483,62.91
2022-10-02 20:05:50,2022-10-02 20:04:25,Outros,61856,0.82,32304,64.63,10243483,62.91
2022-10-02 20:05:50,2022-10-02 20:04:25,Outros,992,0.01,32304,64.63,10243483,62.91
2022-10-02 20:05:50,2022-10-02 20:04:25,Bolsonaro,3367839,44.47,32304,64.63,10243483,62.91
2022-10-02 20:05:50,2022-10-02 20:04:25,Outros,3024,0.04,32304,64.63,10243483,62.91
2022-10-02 20:05:50,2022-10-02 20:04:25,Tebet,319200,4.21,32304,64.63,10243483,62.91
2022-10-02 20:05:50,2022-10-02 20:04:25,Outros,4594,0.06,32304,64.63,10243483,62.91
2022-10-02 20:05:50,2022-10-02 20:04:25,Lula,3588658,47.39,32304,64.63,10243483,62.91
2022-10-02 20:05:50,2022-10-02 20:04:25,Ciro,195209,2.58,32304,64.63,10243483,62.91
2022-10-02 20:05:50,2022-10-02 20:04:25,Outros,1598,0.02,32304,64.63,10243483,62.91
2022-10-02 20:07:50,2022-10-02 20:04:25,Outros,992,0.01,32304,64.63,10243483,62.91
2022-10-02 20:07:50,2022-10-02 20:04:25,Outros,2702,0.04,32304,64.63,10243483,62.91
2022-10-02 20:07:50,2022-10-02 20:04:25,Outros,27340,0.36,32304,64.63,10243483,62.91
2022-10-02 20:07:50,2022-10-02 20:04:25,Outros,61856,0.82,32304,64.63,10243483,62.91
2022-10-02 20:07:50,2022-10-02 20:04:25,Bolsonaro,3367839,44.47,32304,64.63,10243483,62.91
2022-10-02 20:07:50,2022-10-02 20:04:25,Outros,3024,0.04,32304,64.63,10243483,62.91
2022-10-02 20:07:50,2022-10-02 20:04:25,Outros,1598,0.02,32304,64.63,10243483,62.91
2022-10-02 20:07:50,2022-10-02 20:04:25,Tebet,319200,4.21,32304,64.63,10243483,62.91
2022-10-02 20:07:50,2022-10-02 20:04:25,Outros,4594,0.06,32304,64.63,10243483,62.91
2022-10-02 20:07:50,2022-10-02 20:04:25,Lula,3588658,47.39,32304,64.63,10243483,62.91
2022-10-02 20:07:50,2022-10-02 20:04:25,Ciro,195209,2.58,32304,64.63,10243483,62.91
2022-10-02 20:09:50,2022-10-02 20:08:18,Outros,2856,0.04,33942,67.91,10800095,66.32
2022-10-02 20:09:50,2022-10-02 20:08:18,Outros,28971,0.36,33942,67.91,10800095,66.32
2022-10-02 20:09:50,2022-10-02 20:08:18,Outros,65404,0.82,33942,67.91,10800095,66.32
2022-10-02 20:09:50,2022-10-02 20:08:18,Outros,1036,0.01,33942,67.91,10800095,66.32
2022-10-02 20:09:50,2022-10-02 20:08:18,Bolsonaro,3545800,44.4,33942,67.91,10800095,66.32
2022-10-02 20:09:50,2022-10-02 20:08:18,Outros,3214,0.04,33942,67.91,10800095,66.32
2022-10-02 20:09:50,2022-10-02 20:08:18,Outros,1688,0.02,33942,67.91,10800095,66.32
2022-10-02 20:09:50,2022-10-02 20:08:18,Tebet,337013,4.22,33942,67.91,10800095,66.32
2022-10-02 20:09:50,2022-10-02 20:08:18,Outros,4870,0.06,33942,67.91,10800095,66.32
2022-10-02 20:09:50,2022-10-02 20:08:18,Lula,3789691,47.45,33942,67.91,10800095,66.32
2022-10-02 20:09:50,2022-10-02 20:08:18,Ciro,206260,2.58,33942,67.91,10800095,66.32
2022-10-02 20:11:51,2022-10-02 20:08:18,Outros,28971,0.36,33942,67.91,10800095,66.32
2022-10-02 20:11:51,2022-10-02 20:08:18,Outros,65404,0.82,33942,67.91,10800095,66.32
2022-10-02 20:11:51,2022-10-02 20:08:18,Outros,1036,0.01,33942,67.91,10800095,66.32
2022-10-02 20:11:51,2022-10-02 20:08:18,Bolsonaro,3545800,44.4,33942,67.91,10800095,66.32
2022-10-02 20:11:51,2022-10-02 20:08:18,Outros,3214,0.04,33942,67.91,10800095,66.32
2022-10-02 20:11:51,2022-10-02 20:08:18,Outros,2856,0.04,33942,67.91,10800095,66.32
2022-10-02 20:11:51,2022-10-02 20:08:18,Tebet,337013,4.22,33942,67.91,10800095,66.32
2022-10-02 20:11:51,2022-10-02 20:08:18,Outros,4870,0.06,33942,67.91,10800095,66.32
2022-10-02 20:11:51,2022-10-02 20:08:18,Lula,3789691,47.45,33942,67.91,10800095,66.32
2022-10-02 20:11:51,2022-10-02 20:08:18,Ciro,206260,2.58,33942,67.91,10800095,66.32
2022-10-02 20:11:51,2022-10-02 20:08:18,Outros,1688,0.02,33942,67.91,10800095,66.32
2022-10-02 20:13:52,2022-10-02 20:12:55,Outros,31295,0.36,36343,72.71,11611189,71.31
2022-10-02 20:13:52,2022-10-02 20:12:55,Outros,70688,0.82,36343,72.71,11611189,71.31
2022-10-02 20:13:52,2022-10-02 20:12:55,Outros,1137,0.01,36343,72.71,11611189,71.31
2022-10-02 20:13:52,2022-10-02 20:12:55,Bolsonaro,3808332,44.34,36343,72.71,11611189,71.31
2022-10-02 20:13:52,2022-10-02 20:12:55,Outros,3531,0.04,36343,72.71,11611189,71.31
2022-10-02 20:13:52,2022-10-02 20:12:55,Outros,3115,0.04,36343,72.71,11611189,71.31
2022-10-02 20:13:52,2022-10-02 20:12:55,Tebet,362896,4.22,36343,72.71,11611189,71.31
2022-10-02 20:13:52,2022-10-02 20:12:55,Outros,5202,0.06,36343,72.71,11611189,71.31
2022-10-02 20:13:52,2022-10-02 20:12:55,Lula,4078913,47.49,36343,72.71,11611189,71.31
2022-10-02 20:13:52,2022-10-02 20:12:55,Ciro,222341,2.59,36343,72.71,11611189,71.31
2022-10-02 20:13:52,2022-10-02 20:12:55,Outros,1826,0.02,36343,72.71,11611189,71.31
2022-10-02 20:15:52,2022-10-02 20:12:55,Outros,3115,0.04,36343,72.71,11611189,71.31
2022-10-02 20:15:52,2022-10-02 20:12:55,Outros,31295,0.36,36343,72.71,11611189,71.31
2022-10-02 20:15:52,2022-10-02 20:12:55,Outros,70688,0.82,36343,72.71,11611189,71.31
2022-10-02 20:15:52,2022-10-02 20:12:55,Outros,1137,0.01,36343,72.71,11611189,71.31
2022-10-02 20:15:52,2022-10-02 20:12:55,Bolsonaro,3808332,44.34,36343,72.71,11611189,71.31
2022-10-02 20:15:52,2022-10-02 20:12:55,Outros,3531,0.04,36343,72.71,11611189,71.31
2022-10-02 20:15:52,2022-10-02 20:12:55,Tebet,362896,4.22,36343,72.71,11611189,71.31
2022-10-02 20:15:52,2022-10-02 20:12:55,Outros,5202,0.06,36343,72.71,11611189,71.31
2022-10-02 20:15:52,2022-10-02 20:12:55,Lula,4078913,47.49,36343,72.71,11611189,71.31
2022-10-02 20:15:52,2022-10-02 20:12:55,Ciro,222341,2.59,36343,72.71,11611189,71.31
2022-10-02 20:15:52,2022-10-02 20:12:55,Outros,1826,0.02,36343,72.71,11611189,71.31
2022-10-02 20:17:52,2022-10-02 20:12:55,Bolsonaro,3808332,44.34,36343,72.71,11611189,71.31
2022-10-02 20:17:52,2022-10-02 20:12:55,Outros,31295,0.36,36343,72.71,11611189,71.31
2022-10-02 20:17:52,2022-10-02 20:12:55,Outros,70688,0.82,36343,72.71,11611189,71.31
2022-10-02 20:17:52,2022-10-02 20:12:55,Outros,1137,0.01,36343,72.71,11611189,71.31
2022-10-02 20:17:52,2022-10-02 20:12:55,Outros,3531,0.04,36343,72.71,11611189,71.31
2022-10-02 20:17:52,2022-10-02 20:12:55,Outros,3115,0.04,36343,72.71,11611189,71.31
2022-10-02 20:17:52,2022-10-02 20:12:55,Tebet,362896,4.22,36343,72.71,11611189,71.31
2022-10-02 20:17:52,2022-10-02 20:12:55,Ciro,222341,2.59,36343,72.71,11611189,71.31
2022-10-02 20:17:52,2022-10-02 20:12:55,Outros,1826,0.02,36343,72.71,11611189,71.31
2022-10-02 20:17:52,2022-10-02 20:12:55,Outros,5202,0.06,36343,72.71,11611189,71.31
2022-10-02 20:17:52,2022-10-02 20:12:55,Lula,4078913,47.49,36343,72.71,11611189,71.31
2022-10-02 20:19:53,2022-10-02 20:16:52,Outros,32952,0.36,38125,76.28,12213864,75.01
2022-10-02 20:19:53,2022-10-02 20:16:52,Outros,74281,0.82,38125,76.28,12213864,75.01
2022-10-02 20:19:53,2022-10-02 20:16:52,Outros,1208,0.01,38125,76.28,12213864,75.01
2022-10-02 20:19:53,2022-10-02 20:16:52,Bolsonaro,4000217,44.27,38125,76.28,12213864,75.01
2022-10-02 20:19:53,2022-10-02 20:16:52,Outros,3747,0.04,38125,76.28,12213864,75.01
2022-10-02 20:19:53,2022-10-02 20:16:52,Outros,3273,0.04,38125,76.28,12213864,75.01
2022-10-02 20:19:53,2022-10-02 20:16:52,Tebet,381387,4.22,38125,76.28,12213864,75.01
2022-10-02 20:19:53,2022-10-02 20:16:52,Outros,5472,0.06,38125,76.28,12213864,75.01
2022-10-02 20:19:53,2022-10-02 20:16:52,Lula,4297101,47.56,38125,76.28,12213864,75.01
2022-10-02 20:19:53,2022-10-02 20:16:52,Ciro,233609,2.59,38125,76.28,12213864,75.01
2022-10-02 20:19:53,2022-10-02 20:16:52,Outros,1934,0.02,38125,76.28,12213864,75.01
2022-10-02 20:21:53,2022-10-02 20:16:52,Outros,3273,0.04,38125,76.28,12213864,75.01
2022-10-02 20:21:53,2022-10-02 20:16:52,Outros,32952,0.36,38125,76.28,12213864,75.01
2022-10-02 20:21:53,2022-10-02 20:16:52,Outros,74281,0.82,38125,76.28,12213864,75.01
2022-10-02 20:21:53,2022-10-02 20:16:52,Outros,1208,0.01,38125,76.28,12213864,75.01
2022-10-02 20:21:53,2022-10-02 20:16:52,Bolsonaro,4000217,44.27,38125,76.28,12213864,75.01
2022-10-02 20:21:53,2022-10-02 20:16:52,Outros,3747,0.04,38125,76.28,12213864,75.01
2022-10-02 20:21:53,2022-10-02 20:16:52,Tebet,381387,4.22,38125,76.28,12213864,75.01
2022-10-02 20:21:53,2022-10-02 20:16:52,Outros,5472,0.06,38125,76.28,12213864,75.01
2022-10-02 20:21:53,2022-10-02 20:16:52,Ciro,233609,2.59,38125,76.28,12213864,75.01
2022-10-02 20:21:53,2022-10-02 20:16:52,Outros,1934,0.02,38125,76.28,12213864,75.01
2022-10-02 20:21:53,2022-10-02 20:16:52,Lula,4297101,47.56,38125,76.28,12213864,75.01
2022-10-02 20:23:53,2022-10-02 20:20:58,Outros,3437,0.04,40078,80.19,12876284,79.07
2022-10-02 20:23:53,2022-10-02 20:20:58,Bolsonaro,4211160,44.23,40078,80.19,12876284,79.07
2022-10-02 20:23:53,2022-10-02 20:20:58,Outros,34850,0.37,40078,80.19,12876284,79.07
2022-10-02 20:23:53,2022-10-02 20:20:58,Outros,78439,0.82,40078,80.19,12876284,79.07
2022-10-02 20:23:53,2022-10-02 20:20:58,Outros,1290,0.01,40078,80.19,12876284,79.07
2022-10-02 20:23:53,2022-10-02 20:20:58,Outros,3955,0.04,40078,80.19,12876284,79.07
2022-10-02 20:23:53,2022-10-02 20:20:58,Tebet,402134,4.22,40078,80.19,12876284,79.07
2022-10-02 20:23:53,2022-10-02 20:20:58,Outros,5796,0.06,40078,80.19,12876284,79.07
2022-10-02 20:23:53,2022-10-02 20:20:58,Lula,4531813,47.6,40078,80.19,12876284,79.07
2022-10-02 20:23:53,2022-10-02 20:20:58,Ciro,246336,2.59,40078,80.19,12876284,79.07
2022-10-02 20:23:53,2022-10-02 20:20:58,Outros,2051,0.02,40078,80.19,12876284,79.07
2022-10-02 20:25:54,2022-10-02 20:20:58,Outros,34850,0.37,40078,80.19,12876284,79.07
2022-10-02 20:25:54,2022-10-02 20:20:58,Outros,78439,0.82,40078,80.19,12876284,79.07
2022-10-02 20:25:54,2022-10-02 20:20:58,Outros,1290,0.01,40078,80.19,12876284,79.07
2022-10-02 20:25:54,2022-10-02 20:20:58,Bolsonaro,4211160,44.23,40078,80.19,12876284,79.07
2022-10-02 20:25:54,2022-10-02 20:20:58,Outros,3955,0.04,40078,80.19,12876284,79.07
2022-10-02 20:25:54,2022-10-02 20:20:58,Outros,3437,0.04,40078,80.19,12876284,79.07
2022-10-02 20:25:54,2022-10-02 20:20:58,Tebet,402134,4.22,40078,80.19,12876284,79.07
2022-10-02 20:25:54,2022-10-02 20:20:58,Outros,5796,0.06,40078,80.19,12876284,79.07
2022-10-02 20:25:54,2022-10-02 20:20:58,Lula,4531813,47.6,40078,80.19,12876284,79.07
2022-10-02 20:25:54,2022-10-02 20:20:58,Ciro,246336,2.59,40078,80.19,12876284,79.07
2022-10-02 20:25:54,2022-10-02 20:20:58,Outros,2051,0.02,40078,80.19,12876284,79.07
2022-10-02 20:27:54,2022-10-02 20:25:29,Outros,3654,0.04,42154,84.34,13601608,83.53
2022-10-02 20:27:54,2022-10-02 20:25:29,Outros,37053,0.37,42154,84.34,13601608,83.53
2022-10-02 20:27:54,2022-10-02 20:25:29,Outros,82882,0.82,42154,84.34,13601608,83.53
2022-10-02 20:27:54,2022-10-02 20:25:29,Outros,1360,0.01,42154,84.34,13601608,83.53
2022-10-02 20:27:54,2022-10-02 20:25:29,Bolsonaro,4441279,44.17,42154,84.34,13601608,83.53
2022-10-02 20:27:54,2022-10-02 20:25:29,Outros,4242,0.04,42154,84.34,13601608,83.53
2022-10-02 20:27:54,2022-10-02 20:25:29,Tebet,425077,4.23,42154,84.34,13601608,83.53
2022-10-02 20:27:54,2022-10-02 20:25:29,Outros,6131,0.06,42154,84.34,13601608,83.53
2022-10-02 20:27:54,2022-10-02 20:25:29,Lula,4791154,47.65,42154,84.34,13601608,83.53
2022-10-02 20:27:54,2022-10-02 20:25:29,Ciro,260819,2.59,42154,84.34,13601608,83.53
2022-10-02 20:27:54,2022-10-02 20:25:29,Outros,2181,0.02,42154,84.34,13601608,83.53
2022-10-02 20:29:55,2022-10-02 20:25:29,Bolsonaro,4441279,44.17,42154,84.34,13601608,83.53
2022-10-02 20:29:55,2022-10-02 20:25:29,Outros,37053,0.37,42154,84.34,13601608,83.53
2022-10-02 20:29:55,2022-10-02 20:25:29,Outros,82882,0.82,42154,84.34,13601608,83.53
2022-10-02 20:29:55,2022-10-02 20:25:29,Outros,1360,0.01,42154,84.34,13601608,83.53
2022-10-02 20:29:55,2022-10-02 20:25:29,Outros,4242,0.04,42154,84.34,13601608,83.53
2022-10-02 20:29:55,2022-10-02 20:25:29,Outros,3654,0.04,42154,84.34,13601608,83.53
2022-10-02 20:29:55,2022-10-02 20:25:29,Tebet,425077,4.23,42154,84.34,13601608,83.53
2022-10-02 20:29:55,2022-10-02 20:25:29,Ciro,260819,2.59,42154,84.34,13601608,83.53
2022-10-02 20:29:55,2022-10-02 20:25:29,Outros,2181,0.02,42154,84.34,13601608,83.53
2022-10-02 20:29:55,2022-10-02 20:25:29,Outros,6131,0.06,42154,84.34,13601608,83.53
2022-10-02 20:29:55,2022-10-02 20:25:29,Lula,4791154,47.65,42154,84.34,13601608,83.53
2022-10-02 20:31:55,2022-10-02 20:29:25,Ciro,270706,2.59,43688,87.41,14126022,86.75
2022-10-02 20:31:55,2022-10-02 20:29:25,Lula,4983749,47.73,43688,87.41,14126022,86.75
2022-10-02 20:31:55,2022-10-02 20:29:25,Outros,6333,0.06,43688,87.41,14126022,86.75
2022-10-02 20:31:55,2022-10-02 20:29:25,Tebet,440746,4.22,43688,87.41,14126022,86.75
2022-10-02 20:31:55,2022-10-02 20:29:25,Outros,2268,0.02,43688,87.41,14126022,86.75
2022-10-02 20:31:55,2022-10-02 20:29:25,Outros,4437,0.04,43688,87.41,14126022,86.75
2022-10-02 20:31:55,2022-10-02 20:29:25,Bolsonaro,4603206,44.09,43688,87.41,14126022,86.75
2022-10-02 20:31:55,2022-10-02 20:29:25,Outros,1398,0.01,43688,87.41,14126022,86.75
2022-10-02 20:31:55,2022-10-02 20:29:25,Outros,86006,0.82,43688,87.41,14126022,86.75
2022-10-02 20:31:55,2022-10-02 20:29:25,Outros,38585,0.37,43688,87.41,14126022,86.75
2022-10-02 20:31:55,2022-10-02 20:29:25,Outros,3836,0.04,43688,87.41,14126022,86.75
2022-10-02 20:33:56,2022-10-02 20:29:25,Outros,3836,0.04,43688,87.41,14126022,86.75
2022-10-02 20:33:56,2022-10-02 20:29:25,Outros,38585,0.37,43688,87.41,14126022,86.75
2022-10-02 20:33:56,2022-10-02 20:29:25,Outros,86006,0.82,43688,87.41,14126022,86.75
2022-10-02 20:33:56,2022-10-02 20:29:25,Outros,1398,0.01,43688,87.41,14126022,86.75
2022-10-02 20:33:56,2022-10-02 20:29:25,Bolsonaro,4603206,44.09,43688,87.41,14126022,86.75
2022-10-02 20:33:56,2022-10-02 20:29:25,Lula,4983749,47.73,43688,87.41,14126022,86.75
2022-10-02 20:33:56,2022-10-02 20:29:25,Outros,2268,0.02,43688,87.41,14126022,86.75
2022-10-02 20:33:56,2022-10-02 20:29:25,Tebet,440746,4.22,43688,87.41,14126022,86.75
2022-10-02 20:33:56,2022-10-02 20:29:25,Outros,6333,0.06,43688,87.41,14126022,86.75
2022-10-02 20:33:56,2022-10-02 20:29:25,Outros,4437,0.04,43688,87.41,14126022,86.75
2022-10-02 20:33:56,2022-10-02 20:29:25,Ciro,270706,2.59,43688,87.41,14126022,86.75
2022-10-02 20:35:56,2022-10-02 20:29:25,Outros,3836,0.04,43688,87.41,14126022,86.75
2022-10-02 20:35:56,2022-10-02 20:29:25,Outros,1398,0.01,43688,87.41,14126022,86.75
2022-10-02 20:35:56,2022-10-02 20:29:25,Outros,38585,0.37,43688,87.41,14126022,86.75
2022-10-02 20:35:56,2022-10-02 20:29:25,Outros,86006,0.82,43688,87.41,14126022,86.75
2022-10-02 20:35:56,2022-10-02 20:29:25,Bolsonaro,4603206,44.09,43688,87.41,14126022,86.75
2022-10-02 20:35:56,2022-10-02 20:29:25,Outros,4437,0.04,43688,87.41,14126022,86.75
2022-10-02 20:35:56,2022-10-02 20:29:25,Tebet,440746,4.22,43688,87.41,14126022,86.75
2022-10-02 20:35:56,2022-10-02 20:29:25,Outros,6333,0.06,43688,87.41,14126022,86.75
2022-10-02 20:35:56,2022-10-02 20:29:25,Lula,4983749,47.73,43688,87.41,14126022,86.75
2022-10-02 20:35:56,2022-10-02 20:29:25,Ciro,270706,2.59,43688,87.41,14126022,86.75
2022-10-02 20:35:56,2022-10-02 20:29:25,Outros,2268,0.02,43688,87.41,14126022,86.75
2022-10-02 20:37:58,2022-10-02 20:35:37,Outros,39508,0.37,44694,89.42,14475166,88.89
2022-10-02 20:37:58,2022-10-02 20:35:37,Outros,88197,0.82,44694,89.42,14475166,88.89
2022-10-02 20:37:58,2022-10-02 20:35:37,Outros,1421,0.01,44694,89.42,14475166,88.89
2022-10-02 20:37:58,2022-10-02 20:35:37,Bolsonaro,4712242,44.05,44694,89.42,14475166,88.89
2022-10-02 20:37:58,2022-10-02 20:35:37,Outros,4571,0.04,44694,89.42,14475166,88.89
2022-10-02 20:37:58,2022-10-02 20:35:37,Outros,3928,0.04,44694,89.42,14475166,88.89
2022-10-02 20:37:58,2022-10-02 20:35:37,Tebet,450915,4.21,44694,89.42,14475166,88.89
2022-10-02 20:37:58,2022-10-02 20:35:37,Outros,6483,0.06,44694,89.42,14475166,88.89
2022-10-02 20:37:58,2022-10-02 20:35:37,Lula,5111209,47.78,44694,89.42,14475166,88.89
2022-10-02 20:37:58,2022-10-02 20:35:37,Ciro,277317,2.59,44694,89.42,14475166,88.89
2022-10-02 20:37:58,2022-10-02 20:35:37,Outros,2328,0.02,44694,89.42,14475166,88.89
2022-10-02 20:39:58,2022-10-02 20:37:05,Outros,3986,0.04,45296,90.63,14674571,90.12
2022-10-02 20:39:58,2022-10-02 20:37:05,Outros,39988,0.37,45296,90.63,14674571,90.12
2022-10-02 20:39:58,2022-10-02 20:37:05,Outros,89396,0.82,45296,90.63,14674571,90.12
2022-10-02 20:39:58,2022-10-02 20:37:05,Outros,1437,0.01,45296,90.63,14674571,90.12
2022-10-02 20:39:58,2022-10-02 20:37:05,Bolsonaro,4771230,43.99,45296,90.63,14674571,90.12
2022-10-02 20:39:58,2022-10-02 20:37:05,Outros,4650,0.04,45296,90.63,14674571,90.12
2022-10-02 20:39:58,2022-10-02 20:37:05,Tebet,456686,4.21,45296,90.63,14674571,90.12
2022-10-02 20:39:58,2022-10-02 20:37:05,Outros,6583,0.06,45296,90.63,14674571,90.12
2022-10-02 20:39:58,2022-10-02 20:37:05,Lula,5187840,47.83,45296,90.63,14674571,90.12
2022-10-02 20:39:58,2022-10-02 20:37:05,Ciro,281194,2.59,45296,90.63,14674571,90.12
2022-10-02 20:39:58,2022-10-02 20:37:05,Outros,2360,0.02,45296,90.63,14674571,90.12
2022-10-02 20:41:58,2022-10-02 20:37:05,Outros,3986,0.04,45296,90.63,14674571,90.12
2022-10-02 20:41:58,2022-10-02 20:37:05,Outros,39988,0.37,45296,90.63,14674571,90.12
2022-10-02 20:41:58,2022-10-02 20:37:05,Outros,89396,0.82,45296,90.63,14674571,90.12
2022-10-02 20:41:58,2022-10-02 20:37:05,Outros,1437,0.01,45296,90.63,14674571,90.12
2022-10-02 20:41:58,2022-10-02 20:37:05,Bolsonaro,4771230,43.99,45296,90.63,14674571,90.12
2022-10-02 20:41:58,2022-10-02 20:37:05,Outros,4650,0.04,45296,90.63,14674571,90.12
2022-10-02 20:41:58,2022-10-02 20:37:05,Tebet,456686,4.21,45296,90.63,14674571,90.12
2022-10-02 20:41:58,2022-10-02 20:37:05,Ciro,281194,2.59,45296,90.63,14674571,90.12
2022-10-02 20:41:58,2022-10-02 20:37:05,Outros,2360,0.02,45296,90.63,14674571,90.12
2022-10-02 20:41:58,2022-10-02 20:37:05,Outros,6583,0.06,45296,90.63,14674571,90.12
2022-10-02 20:41:58,2022-10-02 20:37:05,Lula,5187840,47.83,45296,90.63,14674571,90.12
2022-10-02 20:43:59,2022-10-02 20:40:58,Outros,40304,0.37,45680,91.39,14808999,90.94
2022-10-02 20:43:59,2022-10-02 20:40:58,Outros,90077,0.82,45680,91.39,14808999,90.94
2022-10-02 20:43:59,2022-10-02 20:40:58,Outros,1445,0.01,45680,91.39,14808999,90.94
2022-10-02 20:43:59,2022-10-02 20:40:58,Bolsonaro,4812100,43.97,45680,91.39,14808999,90.94
2022-10-02 20:43:59,2022-10-02 20:40:58,Outros,4693,0.04,45680,91.39,14808999,90.94
2022-10-02 20:43:59,2022-10-02 20:40:58,Outros,4017,0.04,45680,91.39,14808999,90.94
2022-10-02 20:43:59,2022-10-02 20:40:58,Tebet,460053,4.2,45680,91.39,14808999,90.94
2022-10-02 20:43:59,2022-10-02 20:40:58,Outros,6623,0.06,45680,91.39,14808999,90.94
2022-10-02 20:43:59,2022-10-02 20:40:58,Lula,5238221,47.87,45680,91.39,14808999,90.94
2022-10-02 20:43:59,2022-10-02 20:40:58,Ciro,283441,2.59,45680,91.39,14808999,90.94
2022-10-02 20:43:59,2022-10-02 20:40:58,Outros,2374,0.02,45680,91.39,14808999,90.94
2022-10-02 20:45:59,2022-10-02 20:43:12,Outros,4027,0.04,45817,91.67,14861155,91.26
2022-10-02 20:45:59,2022-10-02 20:43:12,Outros,40448,0.37,45817,91.67,14861155,91.26
2022-10-02 20:45:59,2022-10-02 20:43:12,Outros,90352,0.82,45817,91.67,14861155,91.26
2022-10-02 20:45:59,2022-10-02 20:43:12,Outros,1452,0.01,45817,91.67,14861155,91.26
2022-10-02 20:45:59,2022-10-02 20:43:12,Bolsonaro,4827648,43.96,45817,91.67,14861155,91.26
2022-10-02 20:45:59,2022-10-02 20:43:12,Outros,4726,0.04,45817,91.67,14861155,91.26
2022-10-02 20:45:59,2022-10-02 20:43:12,Tebet,461619,4.2,45817,91.67,14861155,91.26
2022-10-02 20:45:59,2022-10-02 20:43:12,Outros,6658,0.06,45817,91.67,14861155,91.26
2022-10-02 20:45:59,2022-10-02 20:43:12,Ciro,284351,2.59,45817,91.67,14861155,91.26
2022-10-02 20:45:59,2022-10-02 20:43:12,Outros,2385,0.02,45817,91.67,14861155,91.26
2022-10-02 20:45:59,2022-10-02 20:43:12,Lula,5257902,47.88,45817,91.67,14861155,91.26
2022-10-02 20:47:59,2022-10-02 20:45:39,Outros,4058,0.04,46106,92.25,14968490,91.92
2022-10-02 20:47:59,2022-10-02 20:45:39,Bolsonaro,4859625,43.94,46106,92.25,14968490,91.92
2022-10-02 20:47:59,2022-10-02 20:45:39,Outros,40719,0.37,46106,92.25,14968490,91.92
2022-10-02 20:47:59,2022-10-02 20:45:39,Outros,90986,0.82,46106,92.25,14968490,91.92
2022-10-02 20:47:59,2022-10-02 20:45:39,Outros,1461,0.01,46106,92.25,14968490,91.92
2022-10-02 20:47:59,2022-10-02 20:45:39,Outros,4796,0.04,46106,92.25,14968490,91.92
2022-10-02 20:47:59,2022-10-02 20:45:39,Tebet,464665,4.2,46106,92.25,14968490,91.92
2022-10-02 20:47:59,2022-10-02 20:45:39,Outros,6705,0.06,46106,92.25,14968490,91.92
2022-10-02 20:47:59,2022-10-02 20:45:39,Lula,5297862,47.9,46106,92.25,14968490,91.92
2022-10-02 20:47:59,2022-10-02 20:45:39,Ciro,286362,2.59,46106,92.25,14968490,91.92
2022-10-02 20:47:59,2022-10-02 20:45:39,Outros,2395,0.02,46106,92.25,14968490,91.92
2022-10-02 20:50:00,2022-10-02 20:48:08,Outros,40838,0.37,46252,92.54,15018701,92.23
2022-10-02 20:50:00,2022-10-02 20:48:08,Outros,91262,0.82,46252,92.54,15018701,92.23
2022-10-02 20:50:00,2022-10-02 20:48:08,Outros,1470,0.01,46252,92.54,15018701,92.23
2022-10-02 20:50:00,2022-10-02 20:48:08,Bolsonaro,4874276,43.92,46252,92.54,15018701,92.23
2022-10-02 20:50:00,2022-10-02 20:48:08,Outros,4820,0.04,46252,92.54,15018701,92.23
2022-10-02 20:50:00,2022-10-02 20:48:08,Outros,4068,0.04,46252,92.54,15018701,92.23
2022-10-02 20:50:00,2022-10-02 20:48:08,Tebet,466026,4.2,46252,92.54,15018701,92.23
2022-10-02 20:50:00,2022-10-02 20:48:08,Outros,6740,0.06,46252,92.54,15018701,92.23
2022-10-02 20:50:00,2022-10-02 20:48:08,Lula,5317819,47.92,46252,92.54,15018701,92.23
2022-10-02 20:50:00,2022-10-02 20:48:08,Ciro,287294,2.59,46252,92.54,15018701,92.23
2022-10-02 20:50:00,2022-10-02 20:48:08,Outros,2403,0.02,46252,92.54,15018701,92.23
2022-10-02 20:52:00,2022-10-02 20:49:49,Outros,4080,0.04,46372,92.78,15059367,92.48
2022-10-02 20:52:00,2022-10-02 20:49:49,Outros,40934,0.37,46372,92.78,15059367,92.48
2022-10-02 20:52:00,2022-10-02 20:49:49,Outros,91656,0.82,46372,92.78,15059367,92.48
2022-10-02 20:52:00,2022-10-02 20:49:49,Outros,1475,0.01,46372,92.78,15059367,92.48
2022-10-02 20:52:00,2022-10-02 20:49:49,Bolsonaro,4887420,43.92,46372,92.78,15059367,92.48
2022-10-02 20:52:00,2022-10-02 20:49:49,Outros,4831,0.04,46372,92.78,15059367,92.48
2022-10-02 20:52:00,2022-10-02 20:49:49,Tebet,467588,4.2,46372,92.78,15059367,92.48
2022-10-02 20:52:00,2022-10-02 20:49:49,Outros,6764,0.06,46372,92.78,15059367,92.48
2022-10-02 20:52:00,2022-10-02 20:49:49,Lula,5331726,47.92,46372,92.78,15059367,92.48
2022-10-02 20:52:00,2022-10-02 20:49:49,Ciro,288137,2.59,46372,92.78,15059367,92.48
2022-10-02 20:52:00,2022-10-02 20:49:49,Outros,2408,0.02,46372,92.78,15059367,92.48
2022-10-02 20:54:01,2022-10-02 20:50:48,Bolsonaro,4909153,43.91,46579,93.19,15130176,92.92
2022-10-02 20:54:01,2022-10-02 20:50:48,Outros,4111,0.04,46579,93.19,15130176,92.92
2022-10-02 20:54:01,2022-10-02 20:50:48,Outros,41138,0.37,46579,93.19,15130176,92.92
2022-10-02 20:54:01,2022-10-02 20:50:48,Outros,1482,0.01,46579,93.19,15130176,92.92
2022-10-02 20:54:01,2022-10-02 20:50:48,Outros,4846,0.04,46579,93.19,15130176,92.92
2022-10-02 20:54:01,2022-10-02 20:50:48,Outros,92008,0.82,46579,93.19,15130176,92.92
2022-10-02 20:54:01,2022-10-02 20:50:48,Tebet,469944,4.2,46579,93.19,15130176,92.92
2022-10-02 20:54:01,2022-10-02 20:50:48,Outros,6809,0.06,46579,93.19,15130176,92.92
2022-10-02 20:54:01,2022-10-02 20:50:48,Outros,2424,0.02,46579,93.19,15130176,92.92
2022-10-02 20:54:01,2022-10-02 20:50:48,Lula,5359349,47.93,46579,93.19,15130176,92.92
2022-10-02 20:54:01,2022-10-02 20:50:48,Ciro,289602,2.59,46579,93.19,15130176,92.92
2022-10-02 20:56:01,2022-10-02 20:53:29,Outros,41288,0.37,46750,93.54,15188808,93.28
2022-10-02 20:56:01,2022-10-02 20:53:29,Outros,92308,0.82,46750,93.54,15188808,93.28
2022-10-02 20:56:01,2022-10-02 20:53:29,Outros,1489,0.01,46750,93.54,15188808,93.28
2022-10-02 20:56:01,2022-10-02 20:53:29,Bolsonaro,4926189,43.89,46750,93.54,15188808,93.28
2022-10-02 20:56:01,2022-10-02 20:53:29,Outros,4866,0.04,46750,93.54,15188808,93.28
2022-10-02 20:56:01,2022-10-02 20:53:29,Outros,4126,0.04,46750,93.54,15188808,93.28
2022-10-02 20:56:01,2022-10-02 20:53:29,Tebet,471308,4.2,46750,93.54,15188808,93.28
2022-10-02 20:56:01,2022-10-02 20:53:29,Outros,6836,0.06,46750,93.54,15188808,93.28
2022-10-02 20:56:01,2022-10-02 20:53:29,Lula,5382165,47.95,46750,93.54,15188808,93.28
2022-10-02 20:56:01,2022-10-02 20:53:29,Ciro,290550,2.59,46750,93.54,15188808,93.28
2022-10-02 20:56:01,2022-10-02 20:53:29,Outros,2434,0.02,46750,93.54,15188808,93.28
2022-10-02 20:58:02,2022-10-02 20:57:09,Outros,4149,0.04,46964,93.96,15255497,93.68
2022-10-02 20:58:02,2022-10-02 20:57:09,Outros,41450,0.37,46964,93.96,15255497,93.68
2022-10-02 20:58:02,2022-10-02 20:57:09,Outros,92762,0.82,46964,93.96,15255497,93.68
2022-10-02 20:58:02,2022-10-02 20:57:09,Outros,1491,0.01,46964,93.96,15255497,93.68
2022-10-02 20:58:02,2022-10-02 20:57:09,Bolsonaro,4946617,43.88,46964,93.96,15255497,93.68
2022-10-02 20:58:02,2022-10-02 20:57:09,Outros,4885,0.04,46964,93.96,15255497,93.68
2022-10-02 20:58:02,2022-10-02 20:57:09,Tebet,473494,4.2,46964,93.96,15255497,93.68
2022-10-02 20:58:02,2022-10-02 20:57:09,Outros,6864,0.06,46964,93.96,15255497,93.68
2022-10-02 20:58:02,2022-10-02 20:57:09,Lula,5406650,47.96,46964,93.96,15255497,93.68
2022-10-02 20:58:02,2022-10-02 20:57:09,Ciro,291712,2.59,46964,93.96,15255497,93.68
2022-10-02 20:58:02,2022-10-02 20:57:09,Outros,2451,0.02,46964,93.96,15255497,93.68
2022-10-02 21:00:02,2022-10-02 20:57:09,Outros,1491,0.01,46964,93.96,15255497,93.68
2022-10-02 21:00:02,2022-10-02 20:57:09,Outros,4149,0.04,46964,93.96,15255497,93.68
2022-10-02 21:00:02,2022-10-02 20:57:09,Outros,41450,0.37,46964,93.96,15255497,93.68
2022-10-02 21:00:02,2022-10-02 20:57:09,Outros,92762,0.82,46964,93.96,15255497,93.68
2022-10-02 21:00:02,2022-10-02 20:57:09,Bolsonaro,4946617,43.88,46964,93.96,15255497,93.68
2022-10-02 21:00:02,2022-10-02 20:57:09,Outros,4885,0.04,46964,93.96,15255497,93.68
2022-10-02 21:00:02,2022-10-02 20:57:09,Outros,2451,0.02,46964,93.96,15255497,93.68
2022-10-02 21:00:02,2022-10-02 20:57:09,Tebet,473494,4.2,46964,93.96,15255497,93.68
2022-10-02 21:00:02,2022-10-02 20:57:09,Outros,6864,0.06,46964,93.96,15255497,93.68
2022-10-02 21:00:02,2022-10-02 20:57:09,Lula,5406650,47.96,46964,93.96,15255497,93.68
2022-10-02 21:00:02,2022-10-02 20:57:09,Ciro,291712,2.59,46964,93.96,15255497,93.68
2022-10-02 21:02:02,2022-10-02 21:00:28,Outros,41650,0.37,47182,94.40,15329725,94.14
2022-10-02 21:02:02,2022-10-02 21:00:28,Outros,93180,0.82,47182,94.40,15329725,94.14
2022-10-02 21:02:02,2022-10-02 21:00:28,Outros,1494,0.01,47182,94.40,15329725,94.14
2022-10-02 21:02:02,2022-10-02 21:00:28,Bolsonaro,4970318,43.88,47182,94.40,15329725,94.14
2022-10-02 21:02:02,2022-10-02 21:00:28,Outros,4904,0.04,47182,94.40,15329725,94.14
2022-10-02 21:02:02,2022-10-02 21:00:28,Outros,4164,0.04,47182,94.40,15329725,94.14
2022-10-02 21:02:02,2022-10-02 21:00:28,Tebet,475585,4.2,47182,94.40,15329725,94.14
2022-10-02 21:02:02,2022-10-02 21:00:28,Outros,6901,0.06,47182,94.40,15329725,94.14
2022-10-02 21:02:02,2022-10-02 21:00:28,Lula,5432835,47.96,47182,94.40,15329725,94.14
2022-10-02 21:02:02,2022-10-02 21:00:28,Ciro,293177,2.59,47182,94.40,15329725,94.14
2022-10-02 21:02:02,2022-10-02 21:00:28,Outros,2461,0.02,47182,94.40,15329725,94.14
2022-10-02 21:04:03,2022-10-02 21:01:43,Outros,4167,0.04,47255,94.55,15354331,94.29
2022-10-02 21:04:03,2022-10-02 21:01:43,Outros,41698,0.37,47255,94.55,15354331,94.29
2022-10-02 21:04:03,2022-10-02 21:01:43,Outros,93304,0.82,47255,94.55,15354331,94.29
2022-10-02 21:04:03,2022-10-02 21:01:43,Outros,1496,0.01,47255,94.55,15354331,94.29
2022-10-02 21:04:03,2022-10-02 21:01:43,Bolsonaro,4977935,43.88,47255,94.55,15354331,94.29
2022-10-02 21:04:03,2022-10-02 21:01:43,Outros,4906,0.04,47255,94.55,15354331,94.29
2022-10-02 21:04:03,2022-10-02 21:01:43,Tebet,476069,4.2,47255,94.55,15354331,94.29
2022-10-02 21:04:03,2022-10-02 21:01:43,Outros,6910,0.06,47255,94.55,15354331,94.29
2022-10-02 21:04:03,2022-10-02 21:01:43,Lula,5442616,47.97,47255,94.55,15354331,94.29
2022-10-02 21:04:03,2022-10-02 21:01:43,Ciro,293504,2.59,47255,94.55,15354331,94.29
2022-10-02 21:04:03,2022-10-02 21:01:43,Outros,2461,0.02,47255,94.55,15354331,94.29
2022-10-02 21:06:03,2022-10-02 21:02:53,Outros,1503,0.01,47419,94.87,15418900,94.69
2022-10-02 21:06:03,2022-10-02 21:02:53,Outros,4191,0.04,47419,94.87,15418900,94.69
2022-10-02 21:06:03,2022-10-02 21:02:53,Outros,41932,0.37,47419,94.87,15418900,94.69
2022-10-02 21:06:03,2022-10-02 21:02:53,Outros,93688,0.82,47419,94.87,15418900,94.69
2022-10-02 21:06:03,2022-10-02 21:02:53,Bolsonaro,4998309,43.88,47419,94.87,15418900,94.69
2022-10-02 21:06:03,2022-10-02 21:02:53,Outros,4935,0.04,47419,94.87,15418900,94.69
2022-10-02 21:06:03,2022-10-02 21:02:53,Outros,2474,0.02,47419,94.87,15418900,94.69
2022-10-02 21:06:03,2022-10-02 21:02:53,Tebet,478207,4.2,47419,94.87,15418900,94.69
2022-10-02 21:06:03,2022-10-02 21:02:53,Outros,6945,0.06,47419,94.87,15418900,94.69
2022-10-02 21:06:03,2022-10-02 21:02:53,Lula,5464986,47.97,47419,94.87,15418900,94.69
2022-10-02 21:06:03,2022-10-02 21:02:53,Ciro,294909,2.59,47419,94.87,15418900,94.69
2022-10-02 21:08:04,2022-10-02 21:06:46,Outros,42407,0.37,47766,95.57,15553231,95.51
2022-10-02 21:08:04,2022-10-02 21:06:46,Outros,94431,0.82,47766,95.57,15553231,95.51
2022-10-02 21:08:04,2022-10-02 21:06:46,Outros,1514,0.01,47766,95.57,15553231,95.51
2022-10-02 21:08:04,2022-10-02 21:06:46,Bolsonaro,5042332,43.88,47766,95.57,15553231,95.51
2022-10-02 21:08:04,2022-10-02 21:06:46,Outros,5020,0.04,47766,95.57,15553231,95.51
2022-10-02 21:08:04,2022-10-02 21:06:46,Outros,4239,0.04,47766,95.57,15553231,95.51
2022-10-02 21:08:04,2022-10-02 21:06:46,Tebet,482518,4.2,47766,95.57,15553231,95.51
2022-10-02 21:08:04,2022-10-02 21:06:46,Outros,6996,0.06,47766,95.57,15553231,95.51
2022-10-02 21:08:04,2022-10-02 21:06:46,Lula,5512559,47.97,47766,95.57,15553231,95.51
2022-10-02 21:08:04,2022-10-02 21:06:46,Ciro,297948,2.59,47766,95.57,15553231,95.51
2022-10-02 21:08:04,2022-10-02 21:06:46,Outros,2508,0.02,47766,95.57,15553231,95.51
2022-10-02 21:10:04,2022-10-02 21:08:07,Outros,1515,0.01,47816,95.67,15573494,95.64
2022-10-02 21:10:04,2022-10-02 21:08:07,Bolsonaro,5048653,43.87,47816,95.67,15573494,95.64
2022-10-02 21:10:04,2022-10-02 21:08:07,Lula,5519910,47.97,47816,95.67,15573494,95.64
2022-10-02 21:10:04,2022-10-02 21:08:07,Outros,5029,0.04,47816,95.67,15573494,95.64
2022-10-02 21:10:04,2022-10-02 21:08:07,Outros,2511,0.02,47816,95.67,15573494,95.64
2022-10-02 21:10:04,2022-10-02 21:08:07,Outros,42472,0.37,47816,95.67,15573494,95.64
2022-10-02 21:10:04,2022-10-02 21:08:07,Outros,7000,0.06,47816,95.67,15573494,95.64
2022-10-02 21:10:04,2022-10-02 21:08:07,Tebet,483145,4.2,47816,95.67,15573494,95.64
2022-10-02 21:10:04,2022-10-02 21:08:07,Outros,4245,0.04,47816,95.67,15573494,95.64
2022-10-02 21:10:04,2022-10-02 21:08:07,Outros,94552,0.82,47816,95.67,15573494,95.64
2022-10-02 21:10:04,2022-10-02 21:08:07,Ciro,298339,2.59,47816,95.67,15573494,95.64
2022-10-02 21:12:05,2022-10-02 21:10:21,Outros,1515,0.01,47843,95.72,15583166,95.70
2022-10-02 21:12:05,2022-10-02 21:10:21,Outros,4248,0.04,47843,95.72,15583166,95.70
2022-10-02 21:12:05,2022-10-02 21:10:21,Outros,42487,0.37,47843,95.72,15583166,95.70
2022-10-02 21:12:05,2022-10-02 21:10:21,Outros,94601,0.82,47843,95.72,15583166,95.70
2022-10-02 21:12:05,2022-10-02 21:10:21,Bolsonaro,5051425,43.87,47843,95.72,15583166,95.70
2022-10-02 21:12:05,2022-10-02 21:10:21,Outros,5031,0.04,47843,95.72,15583166,95.70
2022-10-02 21:12:05,2022-10-02 21:10:21,Outros,2512,0.02,47843,95.72,15583166,95.70
2022-10-02 21:12:05,2022-10-02 21:10:21,Tebet,483328,4.2,47843,95.72,15583166,95.70
2022-10-02 21:12:05,2022-10-02 21:10:21,Outros,7004,0.06,47843,95.72,15583166,95.70
2022-10-02 21:12:05,2022-10-02 21:10:21,Lula,5523637,47.97,47843,95.72,15583166,95.70
2022-10-02 21:12:05,2022-10-02 21:10:21,Ciro,298460,2.59,47843,95.72,15583166,95.70
2022-10-02 21:14:05,2022-10-02 21:11:22,Outros,42494,0.37,47849,95.73,15585409,95.71
2022-10-02 21:14:05,2022-10-02 21:11:22,Outros,94608,0.82,47849,95.73,15585409,95.71
2022-10-02 21:14:05,2022-10-02 21:11:22,Outros,1515,0.01,47849,95.73,15585409,95.71
2022-10-02 21:14:05,2022-10-02 21:11:22,Bolsonaro,5052183,43.87,47849,95.73,15585409,95.71
2022-10-02 21:14:05,2022-10-02 21:11:22,Outros,5033,0.04,47849,95.73,15585409,95.71
2022-10-02 21:14:05,2022-10-02 21:11:22,Outros,4249,0.04,47849,95.73,15585409,95.71
2022-10-02 21:14:05,2022-10-02 21:11:22,Tebet,483394,4.2,47849,95.73,15585409,95.71
2022-10-02 21:14:05,2022-10-02 21:11:22,Outros,7004,0.06,47849,95.73,15585409,95.71
2022-10-02 21:14:05,2022-10-02 21:11:22,Lula,5524384,47.97,47849,95.73,15585409,95.71
2022-10-02 21:14:05,2022-10-02 21:11:22,Ciro,298496,2.59,47849,95.73,15585409,95.71
2022-10-02 21:14:05,2022-10-02 21:11:22,Outros,2512,0.02,47849,95.73,15585409,95.71
2022-10-02 21:16:06,2022-10-02 21:13:36,Outros,4265,0.04,47989,96.01,15630317,95.99
2022-10-02 21:16:06,2022-10-02 21:13:36,Outros,42605,0.37,47989,96.01,15630317,95.99
2022-10-02 21:16:06,2022-10-02 21:13:36,Outros,94827,0.82,47989,96.01,15630317,95.99
2022-10-02 21:16:06,2022-10-02 21:13:36,Outros,1516,0.01,47989,96.01,15630317,95.99
2022-10-02 21:16:06,2022-10-02 21:13:36,Bolsonaro,5062998,43.84,47989,96.01,15630317,95.99
2022-10-02 21:16:06,2022-10-02 21:13:36,Outros,5042,0.04,47989,96.01,15630317,95.99
2022-10-02 21:16:06,2022-10-02 21:13:36,Tebet,484500,4.2,47989,96.01,15630317,95.99
2022-10-02 21:16:06,2022-10-02 21:13:36,Outros,7028,0.06,47989,96.01,15630317,95.99
2022-10-02 21:16:06,2022-10-02 21:13:36,Lula,5543856,48.01,47989,96.01,15630317,95.99
2022-10-02 21:16:06,2022-10-02 21:13:36,Ciro,299247,2.59,47989,96.01,15630317,95.99
2022-10-02 21:16:06,2022-10-02 21:13:36,Outros,2513,0.02,47989,96.01,15630317,95.99
2022-10-02 21:18:06,2022-10-02 21:14:44,Outros,1518,0.01,48033,96.10,15644204,96.07
2022-10-02 21:18:06,2022-10-02 21:14:44,Outros,42636,0.37,48033,96.10,15644204,96.07
2022-10-02 21:18:06,2022-10-02 21:14:44,Outros,94902,0.82,48033,96.10,15644204,96.07
2022-10-02 21:18:06,2022-10-02 21:14:44,Outros,4266,0.04,48033,96.10,15644204,96.07
2022-10-02 21:18:06,2022-10-02 21:14:44,Bolsonaro,5067157,43.84,48033,96.10,15644204,96.07
2022-10-02 21:18:06,2022-10-02 21:14:44,Outros,7031,0.06,48033,96.10,15644204,96.07
2022-10-02 21:18:06,2022-10-02 21:14:44,Outros,2515,0.02,48033,96.10,15644204,96.07
2022-10-02 21:18:06,2022-10-02 21:14:44,Tebet,484801,4.19,48033,96.10,15644204,96.07
2022-10-02 21:18:06,2022-10-02 21:14:44,Lula,5549190,48.01,48033,96.10,15644204,96.07
2022-10-02 21:18:06,2022-10-02 21:14:44,Ciro,299419,2.59,48033,96.10,15644204,96.07
2022-10-02 21:18:06,2022-10-02 21:14:44,Outros,5045,0.04,48033,96.10,15644204,96.07
2022-10-02 21:20:06,2022-10-02 21:19:11,Outros,42770,0.37,48150,96.34,15692111,96.37
2022-10-02 21:20:06,2022-10-02 21:19:11,Outros,95257,0.82,48150,96.34,15692111,96.37
2022-10-02 21:20:06,2022-10-02 21:19:11,Outros,1521,0.01,48150,96.34,15692111,96.37
2022-10-02 21:20:06,2022-10-02 21:19:11,Bolsonaro,5083129,43.84,48150,96.34,15692111,96.37
2022-10-02 21:20:06,2022-10-02 21:19:11,Outros,5073,0.04,48150,96.34,15692111,96.37
2022-10-02 21:20:06,2022-10-02 21:19:11,Outros,4284,0.04,48150,96.34,15692111,96.37
2022-10-02 21:20:06,2022-10-02 21:19:11,Tebet,486388,4.2,48150,96.34,15692111,96.37
2022-10-02 21:20:06,2022-10-02 21:19:11,Outros,7066,0.06,48150,96.34,15692111,96.37
2022-10-02 21:20:06,2022-10-02 21:19:11,Lula,5565681,48.0,48150,96.34,15692111,96.37
2022-10-02 21:20:06,2022-10-02 21:19:11,Ciro,300626,2.59,48150,96.34,15692111,96.37
2022-10-02 21:20:06,2022-10-02 21:19:11,Outros,2524,0.02,48150,96.34,15692111,96.37
2022-10-02 21:22:07,2022-10-02 21:20:17,Outros,4284,0.04,48176,96.39,15701197,96.42
2022-10-02 21:22:07,2022-10-02 21:20:17,Outros,42815,0.37,48176,96.39,15701197,96.42
2022-10-02 21:22:07,2022-10-02 21:20:17,Outros,95302,0.82,48176,96.39,15701197,96.42
2022-10-02 21:22:07,2022-10-02 21:20:17,Outros,1522,0.01,48176,96.39,15701197,96.42
2022-10-02 21:22:07,2022-10-02 21:20:17,Bolsonaro,5086137,43.84,48176,96.39,15701197,96.42
2022-10-02 21:22:07,2022-10-02 21:20:17,Outros,5074,0.04,48176,96.39,15701197,96.42
2022-10-02 21:22:07,2022-10-02 21:20:17,Tebet,486657,4.19,48176,96.39,15701197,96.42
2022-10-02 21:22:07,2022-10-02 21:20:17,Outros,7072,0.06,48176,96.39,15701197,96.42
2022-10-02 21:22:07,2022-10-02 21:20:17,Lula,5568916,48.0,48176,96.39,15701197,96.42
2022-10-02 21:22:07,2022-10-02 21:20:17,Ciro,300784,2.59,48176,96.39,15701197,96.42
2022-10-02 21:22:07,2022-10-02 21:20:17,Outros,2527,0.02,48176,96.39,15701197,96.42
2022-10-02 21:24:07,2022-10-02 21:21:27,Outros,1526,0.01,48260,96.56,15731394,96.61
2022-10-02 21:24:07,2022-10-02 21:21:27,Outros,4289,0.04,48260,96.56,15731394,96.61
2022-10-02 21:24:07,2022-10-02 21:21:27,Outros,42898,0.37,48260,96.56,15731394,96.61
2022-10-02 21:24:07,2022-10-02 21:21:27,Outros,95441,0.82,48260,96.56,15731394,96.61
2022-10-02 21:24:07,2022-10-02 21:21:27,Bolsonaro,5095257,43.84,48260,96.56,15731394,96.61
2022-10-02 21:24:07,2022-10-02 21:21:27,Outros,5087,0.04,48260,96.56,15731394,96.61
2022-10-02 21:24:07,2022-10-02 21:21:27,Outros,2530,0.02,48260,96.56,15731394,96.61
2022-10-02 21:24:07,2022-10-02 21:21:27,Tebet,487610,4.2,48260,96.56,15731394,96.61
2022-10-02 21:24:07,2022-10-02 21:21:27,Outros,7090,0.06,48260,96.56,15731394,96.61
2022-10-02 21:24:07,2022-10-02 21:21:27,Lula,5579983,48.01,48260,96.56,15731394,96.61
2022-10-02 21:24:07,2022-10-02 21:21:27,Ciro,301370,2.59,48260,96.56,15731394,96.61
2022-10-02 21:26:07,2022-10-02 21:25:05,Outros,43100,0.37,48463,96.96,15797793,97.02
2022-10-02 21:26:07,2022-10-02 21:25:05,Outros,95837,0.82,48463,96.96,15797793,97.02
2022-10-02 21:26:07,2022-10-02 21:25:05,Outros,1543,0.01,48463,96.96,15797793,97.02
2022-10-02 21:26:07,2022-10-02 21:25:05,Bolsonaro,5115104,43.82,48463,96.96,15797793,97.02
2022-10-02 21:26:07,2022-10-02 21:25:05,Outros,5117,0.04,48463,96.96,15797793,97.02
2022-10-02 21:26:07,2022-10-02 21:25:05,Outros,4305,0.04,48463,96.96,15797793,97.02
2022-10-02 21:26:07,2022-10-02 21:25:05,Tebet,489516,4.19,48463,96.96,15797793,97.02
2022-10-02 21:26:07,2022-10-02 21:25:05,Outros,7117,0.06,48463,96.96,15797793,97.02
2022-10-02 21:26:07,2022-10-02 21:25:05,Lula,5604923,48.02,48463,96.96,15797793,97.02
2022-10-02 21:26:07,2022-10-02 21:25:05,Ciro,302637,2.59,48463,96.96,15797793,97.02
2022-10-02 21:26:07,2022-10-02 21:25:05,Outros,2545,0.02,48463,96.96,15797793,97.02
2022-10-02 21:28:08,2022-10-02 21:25:58,Outros,4309,0.04,48527,97.09,15817084,97.13
2022-10-02 21:28:08,2022-10-02 21:25:58,Outros,43122,0.37,48527,97.09,15817084,97.13
2022-10-02 21:28:08,2022-10-02 21:25:58,Outros,95947,0.82,48527,97.09,15817084,97.13
2022-10-02 21:28:08,2022-10-02 21:25:58,Outros,1550,0.01,48527,97.09,15817084,97.13
2022-10-02 21:28:08,2022-10-02 21:25:58,Bolsonaro,5119555,43.81,48527,97.09,15817084,97.13
2022-10-02 21:28:08,2022-10-02 21:25:58,Outros,5118,0.04,48527,97.09,15817084,97.13
2022-10-02 21:28:08,2022-10-02 21:25:58,Tebet,489835,4.19,48527,97.09,15817084,97.13
2022-10-02 21:28:08,2022-10-02 21:25:58,Outros,7125,0.06,48527,97.09,15817084,97.13
2022-10-02 21:28:08,2022-10-02 21:25:58,Lula,5613233,48.04,48527,97.09,15817084,97.13
2022-10-02 21:28:08,2022-10-02 21:25:58,Ciro,302919,2.59,48527,97.09,15817084,97.13
2022-10-02 21:28:08,2022-10-02 21:25:58,Outros,2548,0.02,48527,97.09,15817084,97.13
2022-10-02 21:30:08,2022-10-02 21:28:07,Outros,1550,0.01,48569,97.17,15832705,97.23
2022-10-02 21:30:08,2022-10-02 21:28:07,Outros,43173,0.37,48569,97.17,15832705,97.23
2022-10-02 21:30:08,2022-10-02 21:28:07,Outros,96020,0.82,48569,97.17,15832705,97.23
2022-10-02 21:30:08,2022-10-02 21:28:07,Outros,4312,0.04,48569,97.17,15832705,97.23
2022-10-02 21:30:08,2022-10-02 21:28:07,Bolsonaro,5124453,43.81,48569,97.17,15832705,97.23
2022-10-02 21:30:08,2022-10-02 21:28:07,Outros,7133,0.06,48569,97.17,15832705,97.23
2022-10-02 21:30:08,2022-10-02 21:28:07,Outros,2550,0.02,48569,97.17,15832705,97.23
2022-10-02 21:30:08,2022-10-02 21:28:07,Tebet,490265,4.19,48569,97.17,15832705,97.23
2022-10-02 21:30:08,2022-10-02 21:28:07,Lula,5618920,48.04,48569,97.17,15832705,97.23
2022-10-02 21:30:08,2022-10-02 21:28:07,Ciro,303228,2.59,48569,97.17,15832705,97.23
2022-10-02 21:30:08,2022-10-02 21:28:07,Outros,5126,0.04,48569,97.17,15832705,97.23
2022-10-02 21:32:08,2022-10-02 21:30:21,Outros,43230,0.37,48633,97.30,15854644,97.36
2022-10-02 21:32:08,2022-10-02 21:30:21,Outros,96157,0.82,48633,97.30,15854644,97.36
2022-10-02 21:32:08,2022-10-02 21:30:21,Outros,1552,0.01,48633,97.30,15854644,97.36
2022-10-02 21:32:08,2022-10-02 21:30:21,Bolsonaro,5129168,43.79,48633,97.30,15854644,97.36
2022-10-02 21:32:08,2022-10-02 21:30:21,Outros,5134,0.04,48633,97.30,15854644,97.36
2022-10-02 21:32:08,2022-10-02 21:30:21,Outros,4326,0.04,48633,97.30,15854644,97.36
2022-10-02 21:32:08,2022-10-02 21:30:21,Tebet,490784,4.19,48633,97.30,15854644,97.36
2022-10-02 21:32:08,2022-10-02 21:30:21,Outros,7144,0.06,48633,97.30,15854644,97.36
2022-10-02 21:32:08,2022-10-02 21:30:21,Lula,5628618,48.06,48633,97.30,15854644,97.36
2022-10-02 21:32:08,2022-10-02 21:30:21,Ciro,303649,2.59,48633,97.30,15854644,97.36
2022-10-02 21:32:08,2022-10-02 21:30:21,Outros,2553,0.02,48633,97.30,15854644,97.36
2022-10-02 21:34:09,2022-10-02 21:31:29,Outros,4327,0.04,48664,97.36,15865022,97.43
2022-10-02 21:34:09,2022-10-02 21:31:29,Outros,43271,0.37,48664,97.36,15865022,97.43
2022-10-02 21:34:09,2022-10-02 21:31:29,Outros,96216,0.82,48664,97.36,15865022,97.43
2022-10-02 21:34:09,2022-10-02 21:31:29,Outros,1552,0.01,48664,97.36,15865022,97.43
2022-10-02 21:34:09,2022-10-02 21:31:29,Bolsonaro,5132673,43.79,48664,97.36,15865022,97.43
2022-10-02 21:34:09,2022-10-02 21:31:29,Outros,5140,0.04,48664,97.36,15865022,97.43
2022-10-02 21:34:09,2022-10-02 21:31:29,Tebet,491165,4.19,48664,97.36,15865022,97.43
2022-10-02 21:34:09,2022-10-02 21:31:29,Outros,7146,0.06,48664,97.36,15865022,97.43
2022-10-02 21:34:09,2022-10-02 21:31:29,Lula,5631987,48.05,48664,97.36,15865022,97.43
2022-10-02 21:34:09,2022-10-02 21:31:29,Ciro,303846,2.59,48664,97.36,15865022,97.43
2022-10-02 21:34:09,2022-10-02 21:31:29,Outros,2556,0.02,48664,97.36,15865022,97.43
2022-10-02 21:36:09,2022-10-02 21:34:50,Outros,1561,0.01,48789,97.62,15905787,97.68
2022-10-02 21:36:09,2022-10-02 21:34:50,Outros,43343,0.37,48789,97.62,15905787,97.68
2022-10-02 21:36:09,2022-10-02 21:34:50,Outros,96409,0.82,48789,97.62,15905787,97.68
2022-10-02 21:36:09,2022-10-02 21:34:50,Outros,4335,0.04,48789,97.62,15905787,97.68
2022-10-02 21:36:09,2022-10-02 21:34:50,Bolsonaro,5141609,43.76,48789,97.62,15905787,97.68
2022-10-02 21:36:09,2022-10-02 21:34:50,Outros,7160,0.06,48789,97.62,15905787,97.68
2022-10-02 21:36:09,2022-10-02 21:34:50,Outros,2561,0.02,48789,97.62,15905787,97.68
2022-10-02 21:36:09,2022-10-02 21:34:50,Tebet,491912,4.19,48789,97.62,15905787,97.68
2022-10-02 21:36:09,2022-10-02 21:34:50,Lula,5650147,48.09,48789,97.62,15905787,97.68
2022-10-02 21:36:09,2022-10-02 21:34:50,Ciro,304428,2.59,48789,97.62,15905787,97.68
2022-10-02 21:36:09,2022-10-02 21:34:50,Outros,5145,0.04,48789,97.62,15905787,97.68
2022-10-02 21:36:56,2022-10-02 21:35:56,Outros,4337,0.04,48793,97.62,15907131,97.69
2022-10-02 21:36:56,2022-10-02 21:35:56,Outros,43344,0.37,48793,97.62,15907131,97.69
2022-10-02 21:36:56,2022-10-02 21:35:56,Outros,1561,0.01,48793,97.62,15907131,97.69
2022-10-02 21:36:56,2022-10-02 21:35:56,Bolsonaro,5141999,43.76,48793,97.62,15907131,97.69
2022-10-02 21:36:56,2022-10-02 21:35:56,Outros,5146,0.04,48793,97.62,15907131,97.69
2022-10-02 21:36:56,2022-10-02 21:35:56,Outros,96419,0.82,48793,97.62,15907131,97.69
2022-10-02 21:36:56,2022-10-02 21:35:56,Tebet,491929,4.19,48793,97.62,15907131,97.69
2022-10-02 21:36:56,2022-10-02 21:35:56,Outros,7162,0.06,48793,97.62,15907131,97.69
2022-10-02 21:36:56,2022-10-02 21:35:56,Lula,5650661,48.09,48793,97.62,15907131,97.69
2022-10-02 21:36:56,2022-10-02 21:35:56,Ciro,304440,2.59,48793,97.62,15907131,97.69
2022-10-02 21:36:56,2022-10-02 21:35:56,Outros,2561,0.02,48793,97.62,15907131,97.69
2022-10-03 00:22:36,2022-10-03 00:20:19,Outros,44109,0.37,49981,100.00,16283828,100.00
2022-10-03 00:22:36,2022-10-03 00:20:19,Ciro,310324,2.58,49981,100.00,16283828,100.00
2022-10-03 00:22:36,2022-10-03 00:20:19,Lula,5802571,48.29,49981,100.00,16283828,100.00
2022-10-03 00:22:36,2022-10-03 00:20:19,Outros,7309,0.06,49981,100.00,16283828,100.00
2022-10-03 00:22:36,2022-10-03 00:20:19,Tebet,500658,4.17,49981,100.00,16283828,100.00
2022-10-03 00:22:36,2022-10-03 00:20:19,Outros,2612,0.02,49981,100.00,16283828,100.00
2022-10-03 00:22:36,2022-10-03 00:20:19,Outros,5241,0.04,49981,100.00,16283828,100.00
2022-10-03 00:22:36,2022-10-03 00:20:19,Bolsonaro,5239264,43.6,49981,100.00,16283828,100.00
2022-10-03 00:22:36,2022-10-03 00:20:19,Outros,1588,0.01,49981,100.00,16283828,100.00
2022-10-03 00:22:36,2022-10-03 00:20:19,Outros,98526,0.82,49981,100.00,16283828,100.00
2022-10-03 00:22:36,2022-10-03 00:20:19,Outros,4431,0.04,49981,100.00,16283828,100.00
